Date,County,O3_Mean,CO_Mean,SO2_Mean,NO2_Mean
2000-01-01,Maricopa,0.019765,0.8789469999999999,3.0,19.041667
2000-01-01,Maricopa,0.021059,0.621053,1.75,47.208333
2000-01-01,Pima,0.020824,0.321053,1.833333,15.208332999999998
2000-01-01,Contra Costa,0.019412,0.572222,0.636364,14.782609
2000-01-01,Contra Costa,0.019059,0.505556,1.227273,9.826087
2000-01-01,Contra Costa,0.022882,0.433333,1.521739,13.695652
2000-01-01,Contra Costa,0.015824,0.988889,2.272727,16.217391
2000-01-01,Imperial,0.035647,0.494444,0.391304,9.304348
2000-01-01,Los Angeles,0.016529,1.3,0.0,25.869565
2000-01-01,Los Angeles,0.009941,0.8111109999999999,0.7391300000000001,33.391304
2000-01-01,Los Angeles,0.021471,1.522222,0.956522,25.347826
2000-01-01,Orange,0.020294,0.988889,2.347826,20.565217
2000-01-01,Riverside,0.016294,0.255556,2.26087,11.869565
2000-01-01,Sacramento,0.011176,0.633333,4.363636,16.913043
2000-01-01,San Diego,0.036353,0.611111,2.086957,10.913043
2000-01-01,San Diego,0.034706,0.905556,2.0,16.043478
2000-01-01,San Diego,0.027647,0.744444,2.521739,14.913043
2000-01-01,San Francisco,0.023588,0.455556,2.363636,17.652174
2000-01-01,Santa Barbara,0.038353,0.106667,0.190476,1.2380950000000002
2000-01-01,Santa Barbara,0.031059,0.292857,0.190476,8.809524
2000-01-01,Santa Barbara,0.039471,0.033333,1.0,0.130435
2000-01-01,Santa Cruz,0.026588,0.273684,2.590909,5.272727
2000-01-01,Solano,0.0168819999999999,0.327778,1.045455,12.26087
2000-01-01,Ventura,0.023647,0.283333,3.521739,7.565217
2000-01-01,Adams,0.017059,0.684211,4.434783,27.434783000000003
2000-01-01,District of Columbia,0.005176,2.005263,11.25,26.541667
2000-01-01,Orange,0.029471,0.984211,0.166667,14.75
2000-01-01,Linn,0.046294,0.9,1.375,4.9583330000000005
2000-01-01,Wyandotte,0.034647,0.8947370000000001,4.5833330000000005,20.5
2000-01-01,East Baton Rouge,0.024692,0.821053,7.75,31.083333000000003
2000-01-01,Camden,0.003824,1.0,15.583332999999998,24.25
2000-01-01,Queens,0.001941,0.652632,16.541667,28.041667
2000-01-01,Suffolk,0.007941,0.7,11.208333,21.0
2000-01-01,Philadelphia,0.001529,0.936842,11.541667,25.333333
2000-01-01,Dallas,0.026353,0.573684,3.0,28.0
2000-01-01,Harris,0.019647,1.426316,10.782609,28.363636
2000-01-01,Fairfax,0.013471,0.636842,5.875,9.5
2000-01-01,Fairfax,0.003882,1.247368,11.666667,31.0
2000-01-01,Fairfax,0.004529,2.357895,12.958333,27.041667
2001-01-01,Maricopa,0.007824,1.536842,3.583333,36.25
2001-01-01,Maricopa,0.008824,0.978947,1.666667,26.291667
2001-01-01,Pima,0.015412,0.557895,1.875,22.75
2001-01-01,Contra Costa,0.009059,1.605556,2.045455,26.086957
2001-01-01,Contra Costa,0.008176,1.05,1.681818,16.0
2001-01-01,Contra Costa,0.014118,0.616667,3.227273,19.869565
2001-01-01,Contra Costa,0.009353,1.244444,1.772727,24.391304
2001-01-01,Kern,0.019471,1.5,1.869565,36.521739
2001-01-01,Los Angeles,0.016059,2.65,0.130435,57.043478
2001-01-01,Los Angeles,0.008,2.0333330000000003,2.652174,64.782609
2001-01-01,Los Angeles,0.005118,2.016667,1.0,62.565217
2001-01-01,Los Angeles,0.007294,1.966667,4.0,58.434783
2001-01-01,Orange,0.007941,1.833333,1.521739,50.652174
2001-01-01,Riverside,0.015294,1.1,0.0,21.521739
2001-01-01,Sacramento,0.008059,0.570588,1.5,27.454545
2001-01-01,Sacramento,0.005824,2.0,4.363636,27.727273
2001-01-01,San Bernardino,0.010353,0.847368,3.727273,24.045455
2001-01-01,San Diego,0.013294,1.7166669999999995,3.173913,34.304348
2001-01-01,San Diego,0.005412,2.05,5.173913,52.695652
2001-01-01,San Diego,0.015,1.45,5.0,32.347826
2001-01-01,San Francisco,0.0069999999999999,1.255556,4.136364,34.434783
2001-01-01,Santa Barbara,0.038176,0.3,0.8260870000000001,11.913043
2001-01-01,Santa Barbara,0.022294,0.422222,0.0,12.608696
2001-01-01,Santa Barbara,0.007059,0.805556,1.391304,23.869565
2001-01-01,Santa Barbara,0.039118,0.361111,0.043478,4.173913
2001-01-01,Santa Cruz,0.029,0.484211,2.041667,5.625
2001-01-01,Solano,0.010765,0.8611110000000001,1.363636,23.173913
2001-01-01,Ventura,0.012588,0.483333,0.7391300000000001,18.608696
2001-01-01,Adams,0.003647,0.757895,0.130435,29.130435
2001-01-01,District of Columbia,0.018706,1.263158,13.333332999999998,19.958333
2001-01-01,Orange,0.02,0.557895,2.0,16.833333
2001-01-01,Linn,0.023353,0.126316,0.333333,4.166667
2001-01-01,Wyandotte,0.009176,0.8263159999999999,4.0,16.541667
2001-01-01,East Baton Rouge,0.026882,0.294737,2.958333,3.0
2001-01-01,Camden,0.017118,0.521053,7.125,26.041667
2001-01-01,Bronx,0.012235,0.531579,15.666667000000002,28.833333000000003
2001-01-01,Queens,0.018176,0.431579,7.541666999999999,21.958333
2001-01-01,Suffolk,0.033706,0.347368,7.0,23.791667
2001-01-01,Ottawa,0.014824,0.005263,0.5,10.166667
2001-01-01,Philadelphia,0.013765,0.705263,5.791667,28.666667
2001-01-01,Dallas,0.028118,0.152632,0.166667,8.291667
2001-01-01,El Paso,0.010118,1.4578950000000002,3.125,38.791667
2001-01-01,Harris,0.022529,0.1,1.416667,1.541667
2001-01-01,Fairfax,0.029176,0.5,6.416667,4.416667
2001-01-01,Fairfax,0.018706,0.342105,19.208333,12.916667
2001-01-01,Fairfax,0.025706,0.573684,4.7083330000000005,11.333333
2002-01-01,Maricopa,0.012,1.7105259999999998,6.2083330000000005,32.791667
2002-01-01,Maricopa,0.017882,0.8947370000000001,1.708333,21.041667
2002-01-01,Pima,0.017765,0.173684,0.625,17.208333
2002-01-01,Alameda,0.007529,0.394737,1.583333,17.333333
2002-01-01,Contra Costa,0.011235,0.6,0.818182,11.478261
2002-01-01,Contra Costa,0.0055,0.2,2.761905,4.428571
2002-01-01,Contra Costa,0.010647,0.35,0.8636360000000001,7.304347999999999
2002-01-01,Contra Costa,0.010647,0.577778,0.590909,12.956522
2002-01-01,Contra Costa,0.007529,0.372222,1.0,10.695652
2002-01-01,Imperial,0.011059,1.555556,0.430435,20.434783
2002-01-01,Los Angeles,0.009765,1.583333,0.7391300000000001,30.608696
2002-01-01,Los Angeles,0.004118,1.116667,0.7391300000000001,31.869565
2002-01-01,Los Angeles,0.008882,1.25,3.521739,19.521739
2002-01-01,Los Angeles,0.008,1.133333,1.826087,34.173913
2002-01-01,Los Angeles,0.009529,0.5222220000000001,4.73913,26.69565200000001
2002-01-01,Orange,0.009,1.155556,0.043478,27.086957
2002-01-01,Riverside,0.006,1.327778,0.0,17.0
2002-01-01,Sacramento,0.007647,0.833333,1.2608700000000002,13.434783
2002-01-01,Sacramento,0.019824,0.472222,3.130435,12.217391
2002-01-01,San Bernardino,0.007765,0.6,1.136364,18.727273
2002-01-01,San Diego,0.014353,0.8888889999999999,3.0,17.652174
2002-01-01,San Diego,0.014118,1.1277780000000002,3.0,22.043478
2002-01-01,San Diego,0.013882,1.5,2.0,15.304348
2002-01-01,San Francisco,0.012765,0.666667,1.909091,14.913043
2002-01-01,Santa Barbara,0.023059,0.344444,0.043478,3.826087
2002-01-01,Santa Barbara,0.025588,0.377778,0.8695649999999999,4.8695650000000015
2002-01-01,Santa Barbara,0.012059,0.466667,0.043478,7.434783
2002-01-01,Santa Barbara,0.025118,0.25,0.0,0.695652
2002-01-01,Santa Cruz,0.020471,0.347368,1.958333,2.041667
2002-01-01,Solano,0.006706,0.622222,1.045455,11.26087
2002-01-01,Ventura,0.013765,0.1,2.782609,12.173913
2002-01-01,Adams,0.017353,0.310526,0.0,9.782609
2002-01-01,District of Columbia,0.016294,1.031579,7.458333,19.458333
2002-01-01,Orange,0.030176,0.5,2.125,9.916667
2002-01-01,Saint Clair,0.008706,0.526316,2.791667,23.958333
2002-01-01,Linn,0.025412,0.105263,0.333333,4.7083330000000005
2002-01-01,Sumner,0.027235,0.0,0.0,5.25
2002-01-01,Wyandotte,0.018294,0.394737,5.041667,14.0
2002-01-01,East Baton Rouge,0.024471,0.9,2.73913,8.625
2002-01-01,Suffolk,0.012529,0.242105,5.681818,25.35
2002-01-01,Clark,0.021882,0.131579,0.0,6.291667
2002-01-01,Camden,0.014176,0.331579,9.875,20.416667
2002-01-01,Essex,0.020706,0.621053,2.75,19.041667
2002-01-01,Bronx,0.012588,0.484211,13.125,23.166667
2002-01-01,Queens,0.014235,0.531579,8.041667,22.416667
2002-01-01,Suffolk,0.025235,0.063158,11.916667,15.125
2002-01-01,Philadelphia,0.008824,0.405556,6.130434999999999,21.652174
2002-01-01,El Paso,0.019706,0.257895,0.0,11.333333
2002-01-01,El Paso,0.029353,0.1,0.0,3.791667
2002-01-01,Fairfax,0.020882,0.578947,14.166667000000002,7.541666999999999
2002-01-01,Fairfax,0.022235,0.378947,20.541667,13.416667000000002
2003-01-01,Maricopa,0.011353,2.089474,4.3333330000000005,40.0
2003-01-01,Maricopa,0.017118,1.2,1.916667,29.541667
2003-01-01,Pima,0.016412,0.5473680000000001,1.25,24.375
2003-01-01,Alameda,0.016118,1.111111,2.0,15.869565
2003-01-01,Contra Costa,0.012824,0.838889,0.5,12.913043
2003-01-01,Contra Costa,0.012118,0.516667,1.863636,12.043478
2003-01-01,Contra Costa,0.020824,0.583333,2.363636,12.695652
2003-01-01,Contra Costa,0.016706,0.494444,1.545455,12.26087
2003-01-01,Fresno,0.011529,1.561111,2.826087,18.173913
2003-01-01,Fresno,0.013941,0.327778,0.608696,13.347826
2003-01-01,Imperial,0.017176,0.533333,0.091304,11.478261
2003-01-01,Los Angeles,0.013588,1.516667,0.043478,31.826087
2003-01-01,Los Angeles,0.009294,1.461111,2.173913,30.391304
2003-01-01,Los Angeles,0.013,1.894444,1.0,34.173913
2003-01-01,Los Angeles,0.009118,1.7333330000000002,0.0,35.434783
2003-01-01,Orange,0.015176,1.005556,2.826087,27.869565
2003-01-01,Riverside,0.031,0.638889,0.0,8.826087
2003-01-01,Sacramento,0.011412,0.633333,2.043478,17.391304
2003-01-01,Sacramento,0.020059,0.866667,1.086957,17.173913
2003-01-01,San Diego,0.014059,0.927778,3.73913,24.782609
2003-01-01,San Diego,0.008941,1.0,4.0,29.681818
2003-01-01,San Diego,0.020471,1.25,4.173913,18.391304
2003-01-01,San Francisco,0.010235,0.833333,2.681818,22.565217
2003-01-01,Santa Barbara,0.045941,0.25,0.173913,1.434783
2003-01-01,Santa Barbara,0.018706,0.327778,0.0,10.043478
2003-01-01,Santa Barbara,0.043176,0.147059,0.136364,0.818182
2003-01-01,Santa Cruz,0.023176,0.357895,1.083333,2.208333
2003-01-01,Solano,0.020059,0.6888890000000001,1.227273,11.434783
2003-01-01,Ventura,0.028941,0.2,0.565217,4.826087
2003-01-01,Adams,0.017294,0.1,0.043478,7.347825999999999
2003-01-01,District of Columbia,0.008294,1.463158,4.5,28.5
2003-01-01,Orange,0.025,0.552632,0.166667,7.0
2003-01-01,Linn,0.021412,0.147368,0.166667,2.708333
2003-01-01,East Baton Rouge,0.015824,0.768421,2.083333,14.652174
2003-01-01,Suffolk,0.013882,0.494737,6.3333330000000005,23.363636
2003-01-01,Clark,0.038059,0.0,0.0,0.0
2003-01-01,Camden,0.016765,1.005263,10.916667,32.75
2003-01-01,Essex,0.008588,1.163158,5.0,33.75
2003-01-01,Bronx,0.009647,0.942105,13.375,28.166667
2003-01-01,Queens,0.012765,0.8052630000000001,10.375,25.583333
2003-01-01,Suffolk,0.021294,0.326316,8.625,21.791667
2003-01-01,Philadelphia,0.004471,0.922222,6.4583330000000005,31.75
2003-01-01,Dallas,0.027235,0.736842,1.333333,18.583333
2003-01-01,El Paso,0.020588,0.347368,0.833333,13.666667000000002
2003-01-01,El Paso,0.025294,0.242105,0.0,7.833333
2003-01-01,Harris,0.025294,0.573684,9.833333,16.875
2004-01-01,Maricopa,0.012824,0.752632,2.875,26.291667
2004-01-01,Maricopa,0.015706,0.6,0.625,19.25
2004-01-01,Pima,0.016176,0.273684,0.833333,15.125
2004-01-01,Contra Costa,0.014471,0.338889,0.045455,9.434783
2004-01-01,Contra Costa,0.018059,0.3,1.181818,5.608696
2004-01-01,Contra Costa,0.017235,0.683333,1.136364,11.347826
2004-01-01,Contra Costa,0.019941,0.327778,1.136364,10.26087
2004-01-01,Imperial,0.012706,2.483333,0.313043,24.391304
2004-01-01,Los Angeles,0.008765,1.388889,2.217391,36.26087
2004-01-01,Los Angeles,0.008647,1.888889,3.782609,41.130435
2004-01-01,Los Angeles,0.009588,1.655556,1.2608700000000002,36.130435
2004-01-01,Orange,0.010353,1.033333,0.0,28.26087
2004-01-01,Riverside,0.012824,1.255556,1.7391299999999998,24.086957
2004-01-01,Sacramento,0.029824,0.261111,0.956522,4.913043
2004-01-01,San Bernardino,0.031647,0.552632,1.227273,19.954545
2004-01-01,San Diego,0.021529,0.805556,3.043478,23.347826
2004-01-01,San Diego,0.012882,1.361111,2.173913,30.0
2004-01-01,San Diego,0.018412,0.933333,8.652174,24.608696
2004-01-01,San Francisco,0.015235,0.472222,0.772727,15.217391
2004-01-01,Santa Barbara,0.032588,0.411111,0.565217,10.478261
2004-01-01,Santa Barbara,0.030941,0.483333,0.391304,7.521739
2004-01-01,Santa Barbara,0.020529,0.477778,0.545455,19.217391
2004-01-01,Santa Barbara,0.037471,0.277778,1.2608700000000002,5.608696
2004-01-01,Santa Cruz,0.025765,0.342105,1.041667,1.416667
2004-01-01,Solano,0.011154,0.266667,1.0,11.5
2004-01-01,Ventura,0.014941,0.2,0.0,18.863636
2004-01-01,Adams,0.010059,0.526316,2.521739,24.565217
2004-01-01,District of Columbia,0.008941,1.136842,10.208333,26.166667
2004-01-01,Orange,0.028824,0.657895,2.083333,6.25
2004-01-01,Saint Clair,0.015882,0.463158,2.25,15.416667000000002
2004-01-01,Linn,0.021941,0.1,1.208333,4.0
2004-01-01,Wyandotte,0.010471,1.089474,2.291667,17.458333
2004-01-01,East Baton Rouge,0.020471,0.563158,1.875,15.75
2004-01-01,Suffolk,0.008176,0.489474,6.9565220000000005,16.0
2004-01-01,Bronx,0.0069409999999999,0.384211,12.583333,21.291667
2004-01-01,Suffolk,0.014706,0.136842,15.708332999999998,14.333332999999998
2004-01-01,Philadelphia,0.005765,0.8947370000000001,8.375,26.833333000000003
2004-01-01,Dallas,0.017353,0.4,0.375,11.291667
2004-01-01,El Paso,0.012529,0.515789,0.5,21.041667
2004-01-01,El Paso,0.0168819999999999,0.263158,0.125,11.708333
2004-01-01,Harris,0.016765,0.1,6.125,7.875
2004-01-01,Fairfax,0.012353,0.442105,3.625,11.25
2004-01-01,Fairfax,0.0118819999999999,0.389474,9.0,17.083333
2004-01-01,Fairfax,0.011,0.689474,12.041667,20.333333
2005-01-01,Maricopa,0.011294,1.073684,2.333333,27.541667
2005-01-01,Maricopa,0.011706,1.126316,0.708333,18.583333
2005-01-01,Pima,0.007941,0.447368,1.166667,19.0
2005-01-01,Contra Costa,0.024529,0.422222,0.0,8.652174
2005-01-01,Contra Costa,0.022471,0.2,0.227273,3.4347830000000004
2005-01-01,Contra Costa,0.020647,0.477778,0.590909,15.304348
2005-01-01,Contra Costa,0.024,0.311111,0.217391,5.521739
2005-01-01,Imperial,0.027941,0.405556,0.134783,13.391304000000002
2005-01-01,Los Angeles,0.010765,1.277778,0.7391300000000001,20.043478
2005-01-01,Los Angeles,0.013882,0.766667,7.913042999999999,22.086957
2005-01-01,Los Angeles,0.011824,0.722222,1.478261,23.608696
2005-01-01,Los Angeles,0.021,0.622222,3.173913,15.608695999999998
2005-01-01,Riverside,0.019294,0.761111,1.391304,14.043478
2005-01-01,Sacramento,0.012,0.35,0.086957,9.304348
2005-01-01,Sacramento,0.022,0.233333,0.130435,8.260869999999999
2005-01-01,San Bernardino,0.020882,0.068421,2.0,13.434783
2005-01-01,San Diego,0.022882,0.461111,2.0,16.695652
2005-01-01,San Diego,0.014647,1.177778,1.086957,22.826087
2005-01-01,San Diego,0.019353,0.916667,4.130434999999999,15.304348
2005-01-01,San Francisco,0.021824,0.455556,0.318182,17.695652
2005-01-01,San Francisco,0.023941,0.122222,0.0,9.913043
2005-01-01,Santa Barbara,0.034294,0.2,0.190476,1.142857
2005-01-01,Santa Barbara,0.022529,0.235714,0.1428569999999999,4.142857
2005-01-01,Santa Barbara,0.014529,0.38,0.095238,8.761905
2005-01-01,Santa Barbara,0.038059,0.0,0.047619,0.6190479999999999
2005-01-01,Santa Cruz,0.027765,0.3,1.0,1.695652
2005-01-01,Solano,0.017882,0.5,2.136364,15.826087
2005-01-01,Adams,0.0068239999999999,0.715789,0.130435,17.217391
2005-01-01,District of Columbia,0.009706,1.0157889999999998,3.458333,25.791667
2005-01-01,Orange,0.023941,0.994737,0.0,9.333333
2005-01-01,Saint Clair,0.009353,0.415789,0.625,12.583333
2005-01-01,Linn,0.025353,1.347368,0.958333,0.916667
2005-01-01,Wyandotte,0.010941,0.521053,6.625,14.041667000000002
2005-01-01,East Baton Rouge,0.022294,0.068421,4.0,7.041667
2005-01-01,Suffolk,0.011118,0.305263,1.304348,11.318182
2005-01-01,Bronx,0.007412,0.663158,15.666667000000002,24.25
2005-01-01,Queens,0.010941,0.489474,8.458333,21.666667
2005-01-01,Suffolk,0.017118,0.063158,8.791667,11.083333
2005-01-01,Philadelphia,0.010294,0.505263,7.166667,24.5
2005-01-01,Dallas,0.021471,0.326316,0.0,7.0833330000000005
2005-01-01,El Paso,0.008118,0.710526,1.818182,24.625
2005-01-01,El Paso,0.012294,0.652632,1.086957,19.875
2005-01-01,Harris,0.012529,0.0,4.25,10.4
2005-01-01,Fairfax,0.014824,0.710526,1.375,7.958333
2005-01-01,Fairfax,0.017882,0.294737,6.375,15.5
2005-01-01,Milwaukee,0.014176,0.3,2.0,9.166667
2006-01-01,Maricopa,0.013824,0.910526,0.875,32.708333
2006-01-01,Maricopa,0.020235,0.352632,0.791667,21.458333
2006-01-01,Maricopa,0.013706,1.3,3.791667,29.833333000000003
2006-01-01,Pima,0.020294,0.563158,1.208333,23.541667
2006-01-01,Contra Costa,0.023824,0.388889,0.045455,9.478261
2006-01-01,Contra Costa,0.029176,0.3,1.0,2.363636
2006-01-01,Contra Costa,0.022529,0.327778,0.136364,9.913043
2006-01-01,Contra Costa,0.018706,0.622222,1.272727,10.913043
2006-01-01,Imperial,0.009588,1.238889,0.195652,20.173913
2006-01-01,Los Angeles,0.018,0.361111,0.304348,11.478261
2006-01-01,Los Angeles,0.012412,0.372222,2.043478,9.217391
2006-01-01,Los Angeles,0.017765,0.238889,0.0,12.304348
2006-01-01,Los Angeles,0.013529,0.166667,2.4347830000000004,15.652174
2006-01-01,Orange,0.021235,0.25,0.0,11.73913
2006-01-01,Riverside,0.0131759999999999,0.227778,0.304348,12.434783
2006-01-01,Sacramento,0.035059,0.227778,0.0,2.565217
2006-01-01,Sacramento,0.032706,0.4,1.086957,1.956522
2006-01-01,San Bernardino,0.026,0.236842,0.0,9.086957
2006-01-01,San Diego,0.027412,0.5,3.391304,12.73913
2006-01-01,San Diego,0.022824,0.511111,3.217391,14.652174
2006-01-01,San Diego,0.023471,0.8111109999999999,1.869565,12.695652
2006-01-01,San Francisco,0.027059,0.422222,0.954545,8.739130000000001
2006-01-01,Santa Barbara,0.034941,0.283333,0.0,1.956522
2006-01-01,Santa Barbara,0.030294,0.2,0.173913,2.608696
2006-01-01,Santa Barbara,0.026471,0.0,0.304348,6.9565220000000005
2006-01-01,Santa Barbara,0.034941,0.0,0.217391,1.478261
2006-01-01,Santa Cruz,0.036294,0.457895,1.043478,1.347826
2006-01-01,Solano,0.019118,0.422222,1.090909,10.130435
2006-01-01,Denver,0.016059,0.631579,2.391304,25.0
2006-01-01,District of Columbia,0.010765,0.821053,5.0833330000000005,12.541667
2006-01-01,Orange,0.017882,0.994737,1.25,13.458332999999998
2006-01-01,Saint Clair,0.011412,0.526316,1.625,16.083333
2006-01-01,Linn,0.035647,0.242105,0.75,2.916667
2006-01-01,Wyandotte,0.01,0.7,8.583333,24.083333
2006-01-01,East Baton Rouge,0.009824,0.205263,1.958333,8.523810000000001
2006-01-01,Jefferson,0.012706,0.8,0.166667,6.095238
2006-01-01,Aroostook,0.030235,0.2,2.943478,2.808696
2006-01-01,Suffolk,0.003294,0.3,5.7083330000000005,21.818182
2006-01-01,Camden,0.002706,0.8578950000000001,4.5,18.833333
2006-01-01,Bronx,0.000294,0.6947369999999999,19.416667,21.625
2006-01-01,Queens,0.000588,0.647368,16.166667,21.541667
2006-01-01,Suffolk,0.009471,0.126316,9.375,17.125
2006-01-01,Philadelphia,0.000765,0.8315790000000001,5.8333330000000005,18.416667
2006-01-01,Dallas,0.026588,0.310526,0.875,10.35
2006-01-01,El Paso,0.034118,0.142105,0.041667,7.4
2006-01-01,El Paso,0.039882,0.157895,0.083333,1.15
2006-01-01,Harris,0.0168819999999999,0.031579,12.166667,0.8
2006-01-01,Fairfax,0.006647,0.336842,3.416667,6.5833330000000005
2006-01-01,Fairfax,0.0065879999999999,0.284211,5.541667,16.583333
2006-01-01,Fairfax,0.0072349999999999,0.715789,7.875,10.458333
2006-01-01,Milwaukee,0.011471,0.3,3.333333,10.708333
2007-01-01,Maricopa,0.012353,1.347368,2.791667,31.083333000000003
2007-01-01,Maricopa,0.010294,1.115789,1.958333,25.666667
2007-01-01,Maricopa,0.011059,1.7631580000000002,1.833333,32.125
2007-01-01,Pima,0.014294,0.426316,1.208333,18.791667
2007-01-01,Pulaski,0.023529,0.916667,2.0,5.2083330000000005
2007-01-01,Contra Costa,0.008647,0.555556,1.727273,15.652174
2007-01-01,Contra Costa,0.013882,0.288889,1.272727,8.695652
2007-01-01,Contra Costa,0.006059,0.633333,2.0,16.565217
2007-01-01,Contra Costa,0.011765,0.427778,2.636364,10.956522
2007-01-01,Imperial,0.023294,0.333333,0.130435,7.347825999999999
2007-01-01,Los Angeles,0.031353,0.855556,0.173913,17.391304
2007-01-01,Los Angeles,0.009706,0.7277779999999999,1.782609,30.391304
2007-01-01,Los Angeles,0.011765,0.783333,7.434783,29.782609000000004
2007-01-01,Los Angeles,0.016176,0.6,4.565217,31.173913
2007-01-01,Orange,0.021118,0.533333,0.695652,23.521739
2007-01-01,Riverside,0.037235,0.777778,1.565217,12.130435
2007-01-01,Sacramento,0.020588,0.438889,0.0,8.913043
2007-01-01,San Bernardino,0.021706,0.236842,0.608696,17.826087
2007-01-01,San Diego,0.027412,0.8888889999999999,2.086957,20.73913
2007-01-01,San Diego,0.020471,0.827778,2.130435,24.434783
2007-01-01,San Diego,0.018647,0.566667,3.0,21.0
2007-01-01,San Francisco,0.005294,0.738889,2.863636,25.304348
2007-01-01,Santa Barbara,0.041588,0.2,0.0,2.130435
2007-01-01,Santa Barbara,0.022941,0.294444,0.434783,5.043478
2007-01-01,Santa Barbara,0.016176,0.35,0.181818,11.173913
2007-01-01,Santa Barbara,0.038235,0.0,0.782609,1.347826
2007-01-01,Santa Cruz,0.019529,0.363158,2.0,3.25
2007-01-01,Solano,0.0065879999999999,0.977778,1.545455,14.043478
2007-01-01,Adams,0.013412,1.089474,1.391304,40.913043
2007-01-01,Denver,0.006235,1.147368,4.826087,48.434783
2007-01-01,District of Columbia,0.009941,0.984211,2.541667,14.791667000000002
2007-01-01,Hillsborough,0.017706,0.2,0.041667,2.791667
2007-01-01,Orange,0.018824,0.389474,0.041667,3.5
2007-01-01,Saint Clair,0.012412,0.294737,0.208333,10.25
2007-01-01,Wyandotte,0.010353,0.084211,5.791667,9.125
2007-01-01,East Baton Rouge,0.018118,0.0,12.708333,9.416667
2007-01-01,Aroostook,0.026176,0.2,1.422727,2.804545
2007-01-01,Prince George's,0.009059,0.2,0.5625,11.0
2007-01-01,Suffolk,0.004471,0.384211,2.826087,23.826087
2007-01-01,Bronx,0.008765,0.684211,6.5833330000000005,27.666667
2007-01-01,Queens,0.0,0.521053,3.25,21.333333
2007-01-01,Mecklenburg,0.024059,0.426316,0.295833,4.25
2007-01-01,Mecklenburg,0.024059,0.152632,0.295833,4.25
2007-01-01,Tulsa,0.013647,0.378947,0.404167,9.416667
2007-01-01,Philadelphia,0.004824,0.294444,2.347826,21.0
2007-01-01,Charleston,0.024588,0.068421,0.166667,1.375
2007-01-01,Dallas,0.017882,0.263158,0.0,12.625
2007-01-01,El Paso,0.034647,0.178947,0.0,13.125
2007-01-01,El Paso,0.031588,0.1,0.0,6.416667
2007-01-01,Harris,0.015529,0.194737,1.791667,16.708333
2007-01-01,Harris,0.013353,0.2,3.416667,15.25
2007-01-01,Fairfax,0.009176,0.957895,1.916667,8.0
2007-01-01,Fairfax,0.008588,0.452632,4.041667,13.666667000000002
2007-01-01,Fairfax,0.009235,0.7,2.208333,13.791667000000002
2007-01-01,Milwaukee,0.018882,0.3,2.0,8.791667
2007-01-01,Uinta,0.030529,0.026316,2.433333,3.458333
2008-01-01,Maricopa,0.033235,0.789474,1.125,24.666667
2008-01-01,Maricopa,0.035765,0.342105,2.0,5.791667
2008-01-01,Maricopa,0.037176,0.447368,2.0,12.875
2008-01-01,Pima,0.0344709999999999,0.431579,0.375,16.5
2008-01-01,Pulaski,0.034647,0.815789,3.652174,2.041667
2008-01-01,Alameda,0.009059,0.327778,1.130435,16.043478
2008-01-01,Contra Costa,0.011294,0.461111,1.045455,13.347826
2008-01-01,Contra Costa,0.01,0.327778,1.0,10.565217
2008-01-01,Contra Costa,0.020235,0.3,3.681818,10.565217
2008-01-01,Contra Costa,0.010412,0.4,1.318182,15.826087
2008-01-01,Fresno,0.010235,0.766667,0.608696,20.565217
2008-01-01,Humboldt,0.009412,1.033333,1.0,12.142857
2008-01-01,Imperial,0.026176,0.5222220000000001,0.0,8.565217
2008-01-01,Los Angeles,0.010765,0.6888890000000001,1.391304,28.69565200000001
2008-01-01,Los Angeles,0.019176,0.483333,1.217391,18.772727
2008-01-01,Los Angeles,0.027235,0.283333,3.26087,15.913043
2008-01-01,Orange,0.010353,0.805556,1.608696,30.26087
2008-01-01,Riverside,0.033588,0.455556,0.0,4.565217
2008-01-01,Sacramento,0.023059,0.5444439999999999,0.5217390000000001,29.434783000000003
2008-01-01,Sacramento,0.008118,0.638889,0.391304,12.826087
2008-01-01,San Bernardino,0.017765,0.189474,0.478261,11.695652
2008-01-01,San Diego,0.041118,0.5388890000000001,3.043478,12.608696
2008-01-01,San Diego,0.009647,1.277778,2.0,32.652174
2008-01-01,San Diego,0.042529,0.433333,1.0,4.826087
2008-01-01,San Francisco,0.007647,0.505556,1.545455,21.913043
2008-01-01,Santa Barbara,0.044,0.0,1.478261,2.0
2008-01-01,Santa Barbara,0.013824,0.255556,1.0,13.0
2008-01-01,Santa Barbara,0.013412,0.283333,0.0,11.478261
2008-01-01,Santa Barbara,0.038176,0.0,0.26087,1.391304
2008-01-01,Santa Cruz,0.030353,0.263158,1.0,2.5
2008-01-01,Solano,0.020059,0.3,0.727273,9.478261
2008-01-01,Solano,0.021353,0.227778,0.434783,7.521739
2008-01-01,Adams,0.015941,0.478947,0.304348,23.130435
2008-01-01,Denver,0.009294,0.426316,2.695652,20.782609
2008-01-01,District of Columbia,0.009941,0.984211,2.541667,14.791667000000002
2008-01-01,Hillsborough,0.038353,0.236842,2.0,4.916667
2008-01-01,Orange,0.036824,0.557895,0.0,6.5833330000000005
2008-01-01,Cook,0.015471,0.2,0.583333,7.25
2008-01-01,Saint Clair,0.019,0.3,0.583333,6.625
2008-01-01,Wyandotte,0.016647,0.626316,4.3333330000000005,4.291667
2008-01-01,East Baton Rouge,0.012529,0.1,4.908696,14.333332999999998
2008-01-01,Aroostook,0.024412,0.261111,1.7625,7.495833
2008-01-01,Baltimore,0.025706,0.173684,3.0,6.5833330000000005
2008-01-01,Suffolk,0.009294,0.331579,4.3333330000000005,25.458333
2008-01-01,Camden,0.020588,0.336842,2.375,13.083333
2008-01-01,Bronx,0.011353,0.642105,12.904167,27.166667
2008-01-01,Queens,0.017824,0.510526,6.541667,21.291667
2008-01-01,Queens,0.017824,0.510526,6.929167,21.291667
2008-01-01,Suffolk,0.025353,0.210526,11.916667,14.166667000000002
2008-01-01,Mecklenburg,0.032647,0.389474,1.0875,9.166667
2008-01-01,Mecklenburg,0.032647,0.263158,1.0875,9.166667
2008-01-01,Cass,0.018059,0.136842,0.233333,2.458333
2008-01-01,Tulsa,0.034294,0.2,0.179167,3.75
2008-01-01,Multnomah,0.023941,0.126316,1.125,3.541667
2008-01-01,Philadelphia,0.020059,0.138889,4.541667,22.958333
2008-01-01,Charleston,0.032706,0.105263,7.0,4.625
2008-01-01,Bexar,0.021235,0.215789,0.0,10.666667
2008-01-01,Bexar,0.030471,0.178947,0.0,3.916667
2008-01-01,Dallas,0.020353,0.463158,0.0,12.125
2008-01-01,El Paso,0.030294,0.157895,0.0,6.0
2008-01-01,El Paso,0.033,0.105263,0.0,3.5
2008-01-01,Harris,0.028941,0.147368,0.208333,9.083333
2008-01-01,Harris,0.029824,0.2,0.666667,6.541667
2008-01-01,McLennan,0.022941,0.1,0.0,9.166667
2008-01-01,Uinta,0.034118,0.111111,0.117391,4.26087
2009-01-01,Maricopa,0.010235,0.8315790000000001,2.75,24.083333
2009-01-01,Maricopa,0.013294,0.484211,1.5,19.041667
2009-01-01,Maricopa,0.010706,1.147368,4.0833330000000005,24.75
2009-01-01,Pima,0.015882,0.352632,1.347826,18.26087
2009-01-01,Pulaski,0.014706,0.515789,2.0,14.0
2009-01-01,Alameda,0.003882,0.1611109999999999,0.130435,13.086957
2009-01-01,Contra Costa,0.0075879999999999,0.35,0.0,10.73913
2009-01-01,Contra Costa,0.013353,0.3,0.0,6.130434999999999
2009-01-01,Contra Costa,0.005647,0.1333329999999999,1.7391299999999998,12.173913
2009-01-01,Fresno,0.014471,0.261111,1.0,9.0
2009-01-01,Humboldt,0.022765,0.157895,0.0,1.333333
2009-01-01,Imperial,0.014882,2.444444,5.26087,29.913043
2009-01-01,Los Angeles,0.008412,1.505556,0.5217390000000001,35.173913
2009-01-01,Los Angeles,0.003176,1.172222,0.0,39.217391
2009-01-01,Los Angeles,0.006176,1.194444,2.956522,36.73913
2009-01-01,Los Angeles,0.011059,0.894444,1.695652,35.956522
2009-01-01,Orange,0.015,0.8222219999999999,1.608696,35.956522
2009-01-01,Riverside,0.010471,0.977778,1.043478,24.391304
2009-01-01,Sacramento,0.015,0.3,0.043478,8.434783
2009-01-01,Sacramento,0.012471,0.327778,0.043478,6.304348
2009-01-01,San Bernardino,0.014059,0.7210529999999999,0.434783,17.565217
2009-01-01,San Bernardino,0.010882,0.616667,1.2608700000000002,28.434783000000003
2009-01-01,San Diego,0.026706,0.816667,2.173913,21.0
2009-01-01,San Diego,0.013412,1.15,5.304348,28.173913
2009-01-01,San Diego,0.019,1.577778,3.217391,25.347826
2009-01-01,Santa Barbara,0.029882,0.238889,2.652174,4.73913
2009-01-01,Santa Barbara,0.019176,0.305556,1.043478,4.130434999999999
2009-01-01,Santa Barbara,0.007647,0.261111,0.043478,12.608696
2009-01-01,Santa Barbara,0.025353,0.2,1.043478,2.130435
2009-01-01,Santa Cruz,0.010353,0.368421,1.083333,3.833333
2009-01-01,Solano,0.0069409999999999,0.3,1.045455,10.652174
2009-01-01,Adams,0.023471,0.152632,0.565217,8.565217
2009-01-01,New Haven,0.018091,0.2,3.675,13.75
2009-01-01,District of Columbia,0.026706,2.426316,8.041667,13.666667000000002
2009-01-01,Orange,0.035706,0.0,0.041667,3.75
2009-01-01,Cook,0.006176,0.210526,3.291667,12.958333
2009-01-01,Cook,0.006176,0.210526,3.291667,18.083333
2009-01-01,Cook,0.006176,0.210526,0.470833,12.958333
2009-01-01,Cook,0.006176,0.210526,0.470833,18.083333
2009-01-01,Saint Clair,0.013647,0.3,2.041667,14.75
2009-01-01,Wyandotte,0.014706,0.478947,4.0833330000000005,13.708332999999998
2009-01-01,East Baton Rouge,0.016941,0.236842,2.825,12.125
2009-01-01,Aroostook,0.031294,0.1,0.872727,0.659091
2009-01-01,Cumberland,0.028176,0.284211,4.166667,5.041667
2009-01-01,Baltimore,0.020529,0.268421,0.347826,11.086957
2009-01-01,Suffolk,0.018824,0.205263,2.313043,17.625
2009-01-01,Bronx,0.015118,0.3,8.766667,16.708333
2009-01-01,Queens,0.016824,0.310526,4.2,14.041667000000002
2009-01-01,Steuben,0.031529,0.1,0.683333,0.904167
2009-01-01,Suffolk,0.025118,0.105263,7.0833330000000005,6.916667
2009-01-01,Mecklenburg,0.025882,0.284211,0.541667,9.875
2009-01-01,Mecklenburg,0.025882,0.157895,0.541667,9.875
2009-01-01,Adair,0.028529,0.2,0.6681819999999999,4.331818
2009-01-01,Multnomah,0.024765,0.147368,0.904167,6.2083330000000005
2009-01-01,Philadelphia,0.013118,0.268421,2.807692,16.341667
2009-01-01,Charleston,0.031294,0.1,1.125,1.043478
2009-01-01,Blount,0.038294,0.157895,0.491667,0.6125
2009-01-01,Bexar,0.018294,0.436842,0.125,13.916667000000002
2009-01-01,Bexar,0.019941,0.268421,0.583333,6.0833330000000005
2009-01-01,Dallas,0.025882,0.252632,0.154167,11.525
2009-01-01,El Paso,0.0265,0.2894739999999999,0.470833,19.254167
2009-01-01,Harris,0.022882,0.152632,6.2083330000000005,11.208333
2009-01-01,Harris,0.020765,0.2,4.3333330000000005,15.583332999999998
2009-01-01,McLennan,0.029235,0.1,0.025,3.145833
2009-01-01,Fairfax,0.026176,0.515789,1.833333,2.458333
2009-01-01,Fairfax,0.024882,0.515789,3.291667,5.2083330000000005
2009-01-01,Fairfax,0.022235,0.163158,3.958333,9.083333
2010-01-01,Maricopa,0.015235,0.973684,3.333333,32.208333
2010-01-01,Maricopa,0.018353,0.284211,1.0,18.875
2010-01-01,Maricopa,0.014176,0.747368,1.666667,27.958333000000003
2010-01-01,Pima,0.023529,0.463158,0.666667,17.291667
2010-01-01,Pulaski,0.015118,0.794737,2.0,10.75
2010-01-01,Alameda,0.0064709999999999,0.438889,1.0,22.043478
2010-01-01,Contra Costa,0.005706,0.591667,1.368421,16.789474
2010-01-01,Contra Costa,0.011059,0.325,1.0,7.736842
2010-01-01,Fresno,0.0065879999999999,0.638889,0.782609,19.347826
2010-01-01,Humboldt,0.020471,0.257895,2.0,1.772727
2010-01-01,Imperial,0.016765,0.816667,0.956522,14.695652
2010-01-01,Los Angeles,0.016941,0.8611110000000001,4.031818,27.954545
2010-01-01,Los Angeles,0.009706,0.433333,0.347826,25.869565
2010-01-01,Los Angeles,0.012059,0.583333,2.0,23.869565
2010-01-01,Los Angeles,0.011765,0.558824,1.327273,24.931818
2010-01-01,Los Angeles,0.024647,0.494444,0.052174,20.434783
2010-01-01,Orange,0.008706,0.972222,1.478261,25.217391
2010-01-01,Sacramento,0.012353,0.355556,0.695652,10.304348
2010-01-01,Sacramento,0.012706,0.377778,0.0,10.217391
2010-01-01,San Bernardino,0.018235,0.531579,0.272727,19.090909
2010-01-01,San Bernardino,0.012412,0.5222220000000001,1.304348,23.478261
2010-01-01,San Diego,0.019235,0.566667,1.304348,22.130435
2010-01-01,San Diego,0.013647,0.7722220000000001,1.043478,26.565217
2010-01-01,San Diego,0.013,0.5444439999999999,4.434783,22.391304
2010-01-01,Santa Barbara,0.034769,0.038889,1.043478,0.695652
2010-01-01,Santa Barbara,0.020231,0.188889,1.6521740000000005,7.304347999999999
2010-01-01,Santa Barbara,0.032692,0.166667,0.043478,0.913043
2010-01-01,Santa Clara,0.005294,0.525,0.33,18.5
2010-01-01,Solano,0.003882,0.258333,1.526316,19.0
2010-01-01,Adams,0.008765,0.384211,0.8260870000000001,32.608696
2010-01-01,New Haven,0.004941,1.089474,4.7625,26.083333
2010-01-01,District of Columbia,0.022235,0.984211,2.875,19.208333
2010-01-01,Orange,0.025882,0.536842,0.25,6.26087
2010-01-01,Cook,0.026588,0.3,0.9125,19.458333
2010-01-01,Wyandotte,0.023882,0.331579,4.375,15.416667000000002
2010-01-01,East Baton Rouge,0.026647,0.1333329999999999,7.273913,11.166667
2010-01-01,Cumberland,0.027706,0.4,3.416667,7.666666999999999
2010-01-01,Baltimore,0.019353,0.631579,2.833333,17.0
2010-01-01,Suffolk,0.012941,0.368421,8.795833,25.458333
2010-01-01,Hillsborough,0.018235,0.426316,12.008333,17.3625
2010-01-01,Bronx,0.008059,1.0,13.470833,29.375
2010-01-01,Queens,0.007118,0.578947,8.366667,29.916667
2010-01-01,Suffolk,0.009353,0.268421,7.25,23.416667
2010-01-01,Cass,0.023529,0.115789,0.516667,4.25
2010-01-01,Tulsa,0.023294,0.284211,1.570833,13.458332999999998
2010-01-01,Multnomah,0.033118,0.221053,0.9875,3.875
2010-01-01,Philadelphia,0.015824,0.377778,3.295652,19.4375
2010-01-01,Charleston,0.011765,0.115789,1.208333,2.695652
2010-01-01,Blount,0.032471,0.178947,0.695833,1.166667
2010-01-01,Bexar,0.017529,0.463158,0.083333,10.25
2010-01-01,Bexar,0.030647,0.2,0.0,2.708333
2010-01-01,Dallas,0.012647,0.257895,0.008333,19.525
2010-01-01,El Paso,0.010235,0.284211,0.3125,24.745833
2010-01-01,Harris,0.011941,0.189474,4.375,6.883333
2010-01-01,Harris,0.014,0.184211,0.275,10.766667
2010-01-01,McLennan,0.024824,0.110526,0.0,2.029167
2011-01-01,Maricopa,0.016824,0.873684,1.708333,24.416667
2011-01-01,Maricopa,0.016647,0.847368,0.633333,22.625
2011-01-01,Pima,0.015294,0.347368,0.1,16.8375
2011-01-01,Pulaski,0.025059,0.157895,1.85,3.329167
2011-01-01,Pulaski,0.025059,0.157895,0.6125,3.329167
2011-01-01,Pulaski,0.025059,0.515789,1.85,3.329167
2011-01-01,Pulaski,0.025059,0.515789,0.6125,3.329167
2011-01-01,Alameda,0.013824,0.15,0.591304,12.882609
2011-01-01,Contra Costa,0.011059,0.433333,0.656522,11.452174
2011-01-01,Contra Costa,0.019647,0.338889,0.734783,5.6347830000000005
2011-01-01,Contra Costa,0.019,0.338889,1.795652,7.330435
2011-01-01,Fresno,0.025824,0.177778,0.0,8.0
2011-01-01,Fresno,0.025824,0.235294,0.0,8.0
2011-01-01,Humboldt,0.020867,0.410526,1.6416669999999998,5.654167
2011-01-01,Imperial,0.019294,0.744444,0.347826,15.0
2011-01-01,Los Angeles,0.0025,1.05,0.21,31.36
2011-01-01,Los Angeles,0.016529,0.623529,1.259091,20.295455
2011-01-01,Los Angeles,0.014588,0.523529,0.5727270000000001,26.242857
2011-01-01,Los Angeles,0.020882,0.266667,0.065217,22.321739
2011-01-01,Orange,0.015059,0.6176470000000001,0.8227270000000001,21.204545
2011-01-01,Riverside,0.018941,0.661111,1.052174,17.947826
2011-01-01,Riverside,0.018941,0.661111,0.4,17.947826
2011-01-01,Riverside,0.018941,0.405882,1.052174,17.947826
2011-01-01,Riverside,0.018941,0.405882,0.4,17.947826
2011-01-01,Sacramento,0.016765,0.236842,0.0,5.541667
2011-01-01,San Bernardino,0.028118,0.147368,2.0,9.130435
2011-01-01,San Bernardino,0.023118,0.194118,2.140909,11.231818
2011-01-01,San Diego,0.019235,0.5058819999999999,0.209091,16.727273
2011-01-01,San Diego,0.017353,0.376471,1.363636,17.318182
2011-01-01,Santa Barbara,0.038941,0.0666669999999999,0.428571,3.238095
2011-01-01,Santa Barbara,0.038176,0.06,0.285714,4.238095
2011-01-01,Santa Barbara,0.042059,0.0,0.25,3.047619
2011-01-01,Santa Clara,0.023824,0.2,-0.033333,6.166667
2011-01-01,Santa Clara,0.024294,0.488889,0.36087,4.46087
2011-01-01,Solano,0.027,0.3,0.454545,5.347826
2011-01-01,Adams,0.018235,0.342105,2.565217,26.217391
2011-01-01,Litchfield,0.027059,0.242105,2.116667,9.958333
2011-01-01,New Haven,0.009294,0.8315790000000001,5.525,34.583333
2011-01-01,New Castle,0.016353,0.736842,2.5,25.916667
2011-01-01,District of Columbia,0.025529,1.0,2.625,18.208333
2011-01-01,Orange,0.027294,0.6789470000000001,0.0,8.125
2011-01-01,DeKalb,0.018588,0.194737,0.225,3.238095
2011-01-01,Honolulu,0.023059,0.242105,1.083333,3.25
2011-01-01,Honolulu,0.023059,0.242105,0.86087,3.25
2011-01-01,Honolulu,0.023059,0.111111,1.083333,3.25
2011-01-01,Honolulu,0.023059,0.111111,0.86087,3.25
2011-01-01,Ada,0.026118,0.2,0.026087,9.766667
2011-01-01,Cook,0.029706,0.2,0.375,7.0
2011-01-01,Saint Clair,0.026412,0.357895,0.708333,6.666667
2011-01-01,East Baton Rouge,0.022,0.2,2.3,12.6875
2011-01-01,Aroostook,0.014471,0.242105,0.254167,4.879167
2011-01-01,Cumberland,0.008,0.594737,4.2083330000000005,16.375
2011-01-01,Baltimore,0.015176,0.689474,5.766667,20.458333
2011-01-01,Suffolk,0.012176,0.5421050000000001,4.566667,34.272727
2011-01-01,Anoka,0.035059,0.1,0.523529,0.041667
2011-01-01,Washoe,0.021176,0.226316,0.05,16.5375
2011-01-01,Bernalillo,0.032471,0.2,0.0541669999999999,9.180952
2011-01-01,Bronx,0.002529,1.142105,17.279167,46.329167
2011-01-01,Queens,0.004471,0.0,8.621739,37.978261
2011-01-01,Steuben,0.030882,0.226316,1.8458330000000005,6.004167
2011-01-01,Mecklenburg,0.017529,0.926316,0.779167,14.916667000000002
2011-01-01,Mecklenburg,0.017529,0.457895,0.779167,14.916667000000002
2011-01-01,Cass,0.037353,0.1,0.554167,1.0
2011-01-01,Cuyahoga,0.027176,0.255556,1.380952,5.565217
2011-01-01,Cuyahoga,0.027176,0.255556,2.321739,5.565217
2011-01-01,Adair,0.023765,0.123529,1.018182,3.813636
2011-01-01,Tulsa,0.018294,0.168421,0.204167,4.85
2011-01-01,Allegheny,0.022647,0.511111,1.36087,17.1625
2011-01-01,Philadelphia,0.010882,0.7944439999999999,5.704348,53.033333
2011-01-01,Minnehaha,0.039294,0.2,0.5625,5.25
2011-01-01,Dallas,0.017647,0.205263,0.2,11.833333
2011-01-01,El Paso,0.022529,0.121053,0.221739,8.117391
2011-01-01,El Paso,0.022118,0.121053,0.047826,11.320833
2011-01-01,Harris,0.026412,0.231579,1.208696,6.1458330000000005
2011-01-01,Harris,0.030235,0.136842,0.173913,4.295833
2011-01-01,Harris,0.031294,0.2,0.604348,5.5208330000000005
2011-01-01,McLennan,0.022294,0.1,0.017391,6.0125
2011-01-01,Salt Lake,0.011765,0.468421,1.020833,30.208333000000003
2011-01-01,Laramie,0.042882,0.1,0.081818,0.286957
2012-01-01,Maricopa,0.019294,1.152632,1.458333,21.208333
2012-01-01,Pima,0.016706,0.336842,0.254167,17.716667
2012-01-01,Pulaski,0.029529,0.305263,0.625,2.479167
2012-01-01,Pulaski,0.029529,0.305263,0.6625,2.479167
2012-01-01,Pulaski,0.029529,0.605263,0.625,2.479167
2012-01-01,Pulaski,0.029529,0.605263,0.6625,2.479167
2012-01-01,Alameda,0.009647,0.5444439999999999,2.009091,24.504348
2012-01-01,Contra Costa,0.014118,0.316667,0.009091,9.169565
2012-01-01,Contra Costa,0.009412,0.305556,1.0363639999999998,10.286957
2012-01-01,Contra Costa,0.023824,0.316667,3.922727,7.795652
2012-01-01,Humboldt,0.013471,0.335714,0.8789469999999999,7.015789
2012-01-01,Humboldt,0.028529,0.233333,0.0,0.7
2012-01-01,Imperial,0.008941,2.066667,1.043478,18.043478
2012-01-01,Los Angeles,0.011353,0.652941,0.527273,24.15
2012-01-01,Los Angeles,0.010176,0.627778,0.465217,27.682609000000006
2012-01-01,Los Angeles,0.010176,0.488889,0.465217,27.682609000000006
2012-01-01,Los Angeles,0.014,1.3235290000000002,1.177273,34.831818
2012-01-01,Los Angeles,0.028,0.805556,0.234783,22.156522
2012-01-01,Riverside,0.020059,0.288235,0.222727,17.095454999999998
2012-01-01,Riverside,0.020059,0.252941,0.222727,17.095454999999998
2012-01-01,San Bernardino,0.0131759999999999,1.084211,1.391304,20.869565
2012-01-01,San Bernardino,0.014882,0.442105,2.691667,19.7
2012-01-01,San Diego,0.014588,1.163158,0.358333,22.416667
2012-01-01,Santa Barbara,0.033615,0.2,1.521739,3.391304
2012-01-01,Santa Barbara,0.031769,0.2,1.043478,7.8260869999999985
2012-01-01,Santa Barbara,0.038769,0.235294,1.0,1.863636
2012-01-01,Santa Clara,0.007647,0.7411760000000001,1.547619,22.35
2012-01-01,Santa Clara,0.007647,0.5,1.0,16.021739
2012-01-01,Solano,0.016706,0.444444,0.559091,8.826087
2012-01-01,Adams,0.010824,0.294737,-0.166667,20.478261
2012-01-01,Litchfield,0.023,0.2,0.566667,2.875
2012-01-01,New Haven,0.016529,0.6444439999999999,2.6625,14.208332999999998
2012-01-01,District of Columbia,0.025294,1.1947370000000002,1.333333,13.25
2012-01-01,District of Columbia,0.024176,0.5421050000000001,0.4,13.754167
2012-01-01,Orange,0.026,0.626316,1.333333,10.75
2012-01-01,DeKalb,0.023412,0.742105,0.783333,9.629167
2012-01-01,Honolulu,0.024765,0.852632,2.7375,2.583333
2012-01-01,Honolulu,0.024765,0.852632,0.134783,2.583333
2012-01-01,Honolulu,0.024765,0.1,2.7375,2.583333
2012-01-01,Honolulu,0.024765,0.1,0.134783,2.583333
2012-01-01,Cook,0.025294,0.2,0.8375,7.25
2012-01-01,Saint Clair,0.028412,0.315789,0.375,3.541667
2012-01-01,Scott,0.027,0.115789,0.209091,2.331818
2012-01-01,Wyandotte,0.028118,0.4,3.375,3.795833
2012-01-01,East Baton Rouge,0.021471,0.16,4.441667,9.990476
2012-01-01,Aroostook,0.024941,0.2,0.308333,1.120833
2012-01-01,Cumberland,0.019588,0.484211,1.0,11.708333
2012-01-01,Prince George's,0.025824,0.278947,0.541667,6.1125
2012-01-01,Suffolk,0.018471,0.342105,0.75,18.125
2012-01-01,Washoe,0.007824,0.526316,0.654167,28.2625
2012-01-01,Essex,0.012647,0.426316,2.013043,17.5
2012-01-01,Bernalillo,0.015412,0.246154,0.770833,21.091667
2012-01-01,Bronx,0.014647,0.384211,6.391667,17.7125
2012-01-01,Queens,0.019765,0.326316,3.983333,16.020833
2012-01-01,Mecklenburg,0.030588,0.757895,0.4875,10.125
2012-01-01,Mecklenburg,0.030588,0.410526,0.4875,10.125
2012-01-01,Cass,0.032118,0.1,0.220833,0.25
2012-01-01,Cuyahoga,0.022706,0.233333,1.173913,4.608696
2012-01-01,Cuyahoga,0.022706,0.233333,0.7523810000000001,4.608696
2012-01-01,Hamilton,0.024647,0.142105,2.129167,6.416667
2012-01-01,Tulsa,0.028235,0.115789,0.275,2.529167
2012-01-01,Multnomah,0.024294,0.2,0.529167,3.6125
2012-01-01,Allegheny,0.023706,0.288889,1.5086959999999998,4.045833
2012-01-01,Berks,0.022176,0.0,0.0,6.0833330000000005
2012-01-01,Bucks,0.021647,0.121053,4.0,6.7083330000000005
2012-01-01,Cambria,0.015,0.6736840000000001,2.458333,10.166667
2012-01-01,Philadelphia,0.016588,0.333333,0.756522,17.519048
2012-01-01,York,0.023235,0.257895,1.083333,9.5
2012-01-01,Minnehaha,0.028353,0.1,0.458333,1.7041669999999998
2012-01-01,Dallas,0.021647,0.126316,0.0375,5.95
2012-01-01,El Paso,0.023294,0.057895,0.129167,6.15
2012-01-01,Harris,0.024824,0.136842,0.008333,6.354545
2012-01-01,Harris,0.026294,0.1,0.833333,4.695455
2012-01-01,McLennan,0.023588,0.1,0.0166669999999999,3.654545
2012-01-01,Salt Lake,0.008647,0.668421,1.304167,31.458333000000003
2012-01-01,Laramie,0.025118,0.2,0.330435,8.366667
2012-01-01,Sweetwater,0.020765,0.3,0.083333,6.541667
2013-01-01,Maricopa,0.015176,0.363158,1.083333,20.875
2013-01-01,Pima,0.016412,0.342105,0.091667,16.5375
2013-01-01,Pulaski,0.004,0.9,1.929167,6.308333
2013-01-01,Pulaski,0.004,0.9,1.029167,6.308333
2013-01-01,Pulaski,0.004,0.6789470000000001,1.929167,6.308333
2013-01-01,Pulaski,0.004,0.6789470000000001,1.029167,6.308333
2013-01-01,Alameda,0.018,0.5,0.381818,16.613042999999998
2013-01-01,Contra Costa,0.015176,0.3,0.277273,13.186957
2013-01-01,Contra Costa,0.018765,0.366667,0.181818,7.46087
2013-01-01,Contra Costa,0.021,0.361111,0.845455,12.226087
2013-01-01,Fresno,0.013059,0.65,0.409091,16.282609
2013-01-01,Humboldt,0.012706,0.373684,0.429167,5.933333
2013-01-01,Humboldt,0.027706,0.4,-0.254545,1.1
2013-01-01,Imperial,0.021588,1.861111,0.565217,16.521739
2013-01-01,Los Angeles,0.015118,0.917647,0.286364,24.454545
2013-01-01,Los Angeles,0.015706,0.821053,0.234783,24.079167
2013-01-01,Los Angeles,0.015706,0.511111,0.234783,24.079167
2013-01-01,Los Angeles,0.012059,0.811765,0.277273,24.763636
2013-01-01,Los Angeles,0.009059,0.929412,0.709091,27.231818
2013-01-01,Los Angeles,0.017353,1.370588,0.418182,22.422727
2013-01-01,Orange,0.014471,0.5176470000000001,0.018182,24.486364
2013-01-01,Sacramento,0.014294,0.563158,0.254167,14.416667000000002
2013-01-01,San Bernardino,0.028941,0.1,1.113636,15.947619
2013-01-01,San Bernardino,0.042,0.129412,0.036364,12.363636
2013-01-01,San Diego,0.0235,0.5473680000000001,0.221739,14.391304000000002
2013-01-01,Santa Barbara,0.039,0.1,1.0,0.956522
2013-01-01,Santa Barbara,0.022235,0.272222,1.086957,4.173913
2013-01-01,Santa Barbara,0.036235,0.111111,1.086957,0.7391300000000001
2013-01-01,Santa Clara,0.010882,0.5117649999999999,0.4809520000000001,20.0
2013-01-01,Santa Clara,0.018882,0.327778,1.122727,9.4
2013-01-01,Solano,0.017706,0.438889,0.809091,15.66087
2013-01-01,Adams,0.014176,0.447368,2.458333,29.625
2013-01-01,Denver,0.015059,0.531579,3.333333,33.217391
2013-01-01,Jackson,0.039471,0.105263,0.0086959999999999,1.873913
2013-01-01,Litchfield,0.035059,0.141176,0.895833,0.833333
2013-01-01,New Haven,0.029412,0.2,1.104167,12.833333
2013-01-01,District of Columbia,0.022235,0.284211,1.029167,13.829167000000002
2013-01-01,Orange,0.018235,0.342105,0.0,11.375
2013-01-01,DeKalb,0.004412,0.510526,0.190909,17.314286
2013-01-01,Honolulu,0.038824,0.7,1.7958330000000002,0.75
2013-01-01,Honolulu,0.038824,0.7,0.091667,0.75
2013-01-01,Honolulu,0.038824,0.1,1.7958330000000002,0.75
2013-01-01,Honolulu,0.038824,0.1,0.091667,0.75
2013-01-01,Saint Clair,0.016471,0.4,0.5,12.166667
2013-01-01,Scott,0.019353,0.211765,0.365217,9.740909
2013-01-01,Scott,0.019353,0.211765,0.365217,9.740909
2013-01-01,Wyandotte,0.013647,0.552632,1.6416669999999998,13.766667000000002
2013-01-01,East Baton Rouge,0.015118,0.2,0.682609,11.6125
2013-01-01,Aroostook,0.029824,0.176923,0.046667,2.01875
2013-01-01,Cumberland,0.027294,0.336842,1.941667,7.545833
2013-01-01,Baltimore,0.025647,0.210526,1.666667,12.625
2013-01-01,Prince George's,0.026588,0.278947,1.116667,11.65
2013-01-01,Suffolk,0.020929,0.236842,2.1375,13.809524
2013-01-01,Washoe,0.015,0.342105,0.433333,24.320833
2013-01-01,Camden,0.025824,0.2,0.541667,12.291667
2013-01-01,Essex,0.027882,0.215789,1.383333,11.916667
2013-01-01,Bernalillo,0.038235,0.115789,0.716667,8.329167
2013-01-01,Bronx,0.023824,0.5473680000000001,5.408333,16.470833
2013-01-01,Queens,0.026647,0.2,2.266667,14.4625
2013-01-01,Mecklenburg,0.012471,0.468421,0.145833,7.0
2013-01-01,Mecklenburg,0.012471,0.2,0.145833,7.0
2013-01-01,Cass,0.029235,0.215789,0.5625,7.333333
2013-01-01,Cuyahoga,0.027294,0.2,2.608696,5.35
2013-01-01,Cuyahoga,0.027294,0.2,2.713043,5.35
2013-01-01,Adair,0.019,0.2,0.081818,3.8
2013-01-01,Oklahoma,0.023294,0.021053,0.0,4.166667
2013-01-01,Tulsa,0.019059,0.131579,0.108333,6.275
2013-01-01,Multnomah,0.030176,0.252632,0.779167,3.916667
2013-01-01,Allegheny,0.026294,0.2,2.973913,8.670833
2013-01-01,Berks,0.028588,0.0,1.708333,4.125
2013-01-01,Cambria,0.023353,0.436842,7.875,7.208333
2013-01-01,Erie,0.032118,0.3,1.291667,1.75
2013-01-01,Washington,0.025412,0.0157889999999999,5.4583330000000005,4.416667
2013-01-01,Providence,0.032647,0.2,2.2,6.566667
2013-01-01,Minnehaha,0.028765,0.2,0.8125,5.35
2013-01-01,Union,0.0215,0.2,0.670833,2.466667
2013-01-01,Dallas,0.014647,0.2,0.0,5.791667
2013-01-01,El Paso,0.020588,0.131579,0.379167,14.408333
2013-01-01,El Paso,0.019529,0.210526,0.1333329999999999,12.341667
2013-01-01,Harris,0.014529,0.173684,-0.520833,7.6375
2013-01-01,Harris,0.015529,0.2,-0.479167,6.1458330000000005
2013-01-01,Harris,0.016471,0.2,0.2375,5.9375
2013-01-01,Travis,0.015588,0.115789,0.304167,5.054167
2013-01-01,Salt Lake,0.017529,0.326316,0.545833,23.958333
2013-01-01,Uintah,0.047765,0.157895,0.033333,2.9708330000000003
2013-01-01,Henrico,0.013353,0.452632,0.7875,14.341667
2013-01-01,Laramie,0.042647,0.0157889999999999,0.075,1.958333
2014-01-01,Jefferson,0.017059,0.2,0.363636,16.5125
2014-01-01,Maricopa,0.014471,0.836842,2.416667,25.791667
2014-01-01,Maricopa,0.013353,1.021053,1.595833,23.583333
2014-01-01,Pima,0.013882,0.331579,0.333333,20.866667
2014-01-01,Pulaski,0.019235,0.363158,1.866667,13.341667
2014-01-01,Pulaski,0.019235,0.363158,1.425,13.341667
2014-01-01,Pulaski,0.019235,0.357895,1.866667,13.341667
2014-01-01,Pulaski,0.019235,0.357895,1.425,13.341667
2014-01-01,Alameda,0.004706,1.411111,2.595455,31.617391
2014-01-01,Contra Costa,0.008647,0.527778,0.468182,23.46087
2014-01-01,Contra Costa,0.014647,0.438889,0.777273,17.26087
2014-01-01,Contra Costa,0.011059,0.5388890000000001,0.977273,21.06087
2014-01-01,Fresno,0.015176,1.183333,0.704348,30.678261
2014-01-01,Humboldt,0.004353,0.547059,0.118182,5.568182
2014-01-01,Imperial,0.017235,0.683333,1.213043,17.078260999999998
2014-01-01,Los Angeles,0.011647,1.555556,1.543478,40.947826
2014-01-01,Los Angeles,0.011571,1.523529,1.004545,51.871429
2014-01-01,Los Angeles,0.011571,1.2944440000000002,1.004545,51.871429
2014-01-01,Los Angeles,0.010765,1.0444440000000002,1.965217,36.252174
2014-01-01,Los Angeles,0.017647,0.8,1.022727,35.318182
2014-01-01,Orange,0.019,0.470588,0.91,29.671429
2014-01-01,Riverside,0.013235,0.9,0.586957,25.259091
2014-01-01,Riverside,0.013235,0.766667,0.586957,25.259091
2014-01-01,Sacramento,0.011588,0.568421,0.595833,17.375
2014-01-01,San Bernardino,0.015647,0.510526,1.477273,23.559091
2014-01-01,San Bernardino,0.013824,0.416667,0.26087,29.621739
2014-01-01,San Diego,0.018706,0.7588239999999999,0.227273,22.454545
2014-01-01,Santa Barbara,0.043706,0.138889,1.2608700000000002,0.0
2014-01-01,Santa Barbara,0.023059,0.127778,2.043478,5.086957
2014-01-01,Santa Barbara,0.039824,0.138889,1.043478,1.173913
2014-01-01,Santa Clara,0.006,1.094118,0.809524,35.85
2014-01-01,Solano,0.009353,1.027778,1.986364,27.06087
2014-01-01,Adams,0.019588,0.263158,0.541667,14.608695999999998
2014-01-01,Denver,0.019235,0.236842,0.291667,18.9
2014-01-01,Jackson,0.037059,0.129412,0.159091,0.913636
2014-01-01,Litchfield,0.033824,0.3222219999999999,0.883333,1.541667
2014-01-01,New Haven,0.021941,0.227778,1.258333,14.583332999999998
2014-01-01,District of Columbia,0.010765,0.8947370000000001,1.6375,17.833333
2014-01-01,District of Columbia,0.011412,0.4,2.083333,18.375
2014-01-01,Orange,0.027176,0.2,0.083333,1.416667
2014-01-01,DeKalb,0.014176,0.468421,0.318182,10.857143
2014-01-01,Saint Clair,0.014059,0.321053,1.125,11.875
2014-01-01,Marion,0.010176,0.352632,7.15,18.845833
2014-01-01,Scott,0.027529,0.2,0.569565,6.438095
2014-01-01,Scott,0.027647,0.2,0.569565,6.438095
2014-01-01,Wyandotte,0.021941,0.226316,1.166667,9.441667
2014-01-01,Jefferson,0.013118,0.531579,1.625,16.216667
2014-01-01,East Baton Rouge,0.003647,0.264706,0.958333,10.227273
2014-01-01,Aroostook,0.028647,0.157895,1.033333,2.675
2014-01-01,Baltimore,0.012235,0.384211,1.966667,18.191667
2014-01-01,Garrett,0.029235,0.144444,2.125,2.5625
2014-01-01,Prince George's,0.013706,0.294737,0.8739129999999999,12.1125
2014-01-01,Suffolk,0.022941,0.215789,2.004545,16.227273
2014-01-01,St. Louis City,0.015353,0.210526,4.152174,13.175
2014-01-01,Washoe,0.007118,0.557895,0.941667,28.945833
2014-01-01,Camden,0.010706,0.178947,0.708333,15.958332999999998
2014-01-01,Essex,0.007765,0.347368,2.666667,21.208333
2014-01-01,Bernalillo,0.026529,0.321053,0.504167,19.508333
2014-01-01,Queens,0.010824,0.231579,3.108333,21.1125
2014-01-01,Mecklenburg,0.014294,0.642105,0.341667,17.208333
2014-01-01,Mecklenburg,0.014294,0.484211,0.341667,17.208333
2014-01-01,Wake,0.011353,0.416667,0.643478,14.026087
2014-01-01,Cass,0.020706,0.126316,0.383333,5.3333330000000005
2014-01-01,Cuyahoga,0.018882,0.255556,1.6521740000000005,12.478261
2014-01-01,Cuyahoga,0.018882,0.255556,1.304348,12.478261
2014-01-01,Hamilton,0.014235,0.263158,1.633333,19.375
2014-01-01,Oklahoma,0.021941,0.1,0.375,5.7083330000000005
2014-01-01,Tulsa,0.022529,0.1,1.4375,6.029167
2014-01-01,Multnomah,0.001176,0.394737,0.875,13.658333
2014-01-01,Allegheny,0.005824,0.277778,2.33913,12.154167
2014-01-01,Berks,0.011118,0.0,2.916667,11.125
2014-01-01,Bucks,0.011294,0.184211,3.166667,13.75
2014-01-01,Cambria,0.008647,0.310526,5.0,13.458332999999998
2014-01-01,Erie,0.036647,0.021053,0.083333,5.166667
2014-01-01,Philadelphia,0.007118,0.382353,3.781818,25.7375
2014-01-01,Washington,0.014471,0.0,3.875,7.0833330000000005
2014-01-01,York,0.009412,0.121053,0.0,16.333333
2014-01-01,Providence,0.023706,0.236842,1.9875,11.295833
2014-01-01,Minnehaha,0.029706,0.2,0.765217,5.9272730000000005
2014-01-01,Dallas,0.021647,0.2,0.45,8.983333
2014-01-01,El Paso,0.022294,0.231579,0.979167,17.7
2014-01-01,El Paso,0.019941,0.468421,0.929167,21.870833
2014-01-01,Harris,0.016118,0.184211,1.429167,16.125
2014-01-01,Harris,0.013235,0.252632,0.620833,14.729167000000002
2014-01-01,Harris,0.012294,0.2,1.2875,13.191667
2014-01-01,McLennan,0.026647,0.136842,0.320833,2.629167
2014-01-01,Henrico,0.009412,0.494737,0.9125,14.754167
2014-01-01,Laramie,0.035941,0.0157889999999999,0.033333,1.13913
2015-01-01,Jefferson,0.016118,0.229412,1.483333,13.916667000000002
2015-01-01,Maricopa,0.017294,0.389474,0.0,15.458332999999998
2015-01-01,Maricopa,0.032,0.331579,0.9625,11.208333
2015-01-01,Pima,0.025294,0.2,0.008333,7.141667
2015-01-01,Pulaski,0.014471,0.352632,1.1625,11.55
2015-01-01,Alameda,0.015882,0.533333,1.05,17.443478
2015-01-01,Contra Costa,0.011235,0.4,0.6,15.052174
2015-01-01,Contra Costa,0.016364,0.338889,0.680952,10.369565
2015-01-01,Contra Costa,0.020059,0.366667,1.395455,9.704348
2015-01-01,Fresno,0.012588,0.566667,0.321739,17.917391000000006
2015-01-01,Humboldt,0.014176,0.435294,-0.004545,5.672727
2015-01-01,Humboldt,0.025294,0.5842109999999999,0.2,0.554167
2015-01-01,Imperial,0.015824,0.957895,0.633333,14.1125
2015-01-01,Los Angeles,0.024071,0.611765,0.147826,21.480952
2015-01-01,Los Angeles,0.024071,0.427778,0.147826,21.480952
2015-01-01,Los Angeles,0.015941,0.911111,2.030435,21.726087
2015-01-01,Los Angeles,0.018294,0.511111,0.704348,23.826087
2015-01-01,Orange,0.018882,0.444444,0.173913,21.878261
2015-01-01,Riverside,0.013529,0.723529,0.608696,21.609091
2015-01-01,Riverside,0.013529,0.738889,0.608696,21.609091
2015-01-01,Sacramento,0.012412,0.664706,0.6681819999999999,11.5
2015-01-01,San Bernardino,0.017824,0.594737,1.263636,21.727273
2015-01-01,San Bernardino,0.02,0.176471,0.6409090000000001,18.55
2015-01-01,San Diego,0.023571,0.366667,0.090476,12.238095
2015-01-01,Santa Barbara,0.045118,0.15,0.0,0.0
2015-01-01,Santa Barbara,0.025353,0.25,0.565217,7.869565
2015-01-01,Santa Barbara,0.040647,0.2,0.043478,0.304348
2015-01-01,Santa Clara,0.010059,0.428571,0.52381,22.527273
2015-01-01,Solano,0.014,0.411111,0.959091,11.926087
2015-01-01,Adams,0.018118,0.647368,1.541667,38.956522
2015-01-01,Denver,0.016294,0.389474,0.375,35.13913
2015-01-01,Denver,0.016647,0.552632,1.33913,33.117391
2015-01-01,New Haven,0.025588,0.2,1.6541669999999995,12.454167
2015-01-01,District of Columbia,0.021588,0.331579,1.045833,18.579167
2015-01-01,Orange,0.025471,0.3,0.0,1.75
2015-01-01,DeKalb,0.014647,0.431579,0.370833,14.883333
2015-01-01,Honolulu,0.032353,0.4,1.6,3.259091
2015-01-01,Honolulu,0.032353,0.4,1.943478,3.259091
2015-01-01,Honolulu,0.032353,0.1,1.6,3.259091
2015-01-01,Honolulu,0.032353,0.1,1.943478,3.259091
2015-01-01,Saint Clair,0.019647,0.2,3.8625,7.854166999999999
2015-01-01,Scott,0.021294,0.2,2.208696,5.477273
2015-01-01,Scott,0.021294,0.2,2.208696,5.477273
2015-01-01,Wyandotte,0.015765,0.357895,0.7125,9.616667
2015-01-01,Jefferson,0.018118,0.263158,6.9625,12.495833
2015-01-01,East Baton Rouge,0.0131759999999999,0.2,1.4125,4.654167
2015-01-01,Aroostook,0.032118,0.2,0.5375,1.2875
2015-01-01,Cumberland,0.025882,0.3,1.758333,4.095833
2015-01-01,Baltimore,0.019824,0.268421,1.45,20.45
2015-01-01,Garrett,0.035529,0.147368,1.041667,1.879167
2015-01-01,Prince George's,0.022941,0.489474,0.475,15.983332999999998
2015-01-01,Anoka,0.029941,0.3,0.7695649999999999,3.725
2015-01-01,Hinds,0.013235,0.227778,0.304348,7.1
2015-01-01,St. Louis City,0.022118,0.2,1.604167,6.425
2015-01-01,Washoe,0.009118,0.505263,0.691667,29.645833000000003
2015-01-01,Rockingham,0.030294,0.215789,1.786957,5.158333
2015-01-01,Camden,0.021176,0.347368,0.458333,12.708333
2015-01-01,Essex,0.022,0.294737,1.383333,19.791667
2015-01-01,Bronx,0.019353,0.278947,3.0625,20.0625
2015-01-01,Queens,0.023529,0.226316,1.6583330000000005,15.0375
2015-01-01,Mecklenburg,0.024235,0.715789,0.340909,10.36087
2015-01-01,Wake,0.020118,0.505556,0.46087,10.7
2015-01-01,Cass,0.027588,0.121053,0.3625,2.991667
2015-01-01,Cuyahoga,0.024353,0.2,0.5217390000000001,3.695652
2015-01-01,Cuyahoga,0.024353,0.2,0.604348,3.695652
2015-01-01,Hamilton,0.019412,0.2,3.658333,11.416667
2015-01-01,Oklahoma,0.009471,0.315789,0.0,12.375
2015-01-01,Tulsa,0.004,0.242105,0.233333,10.0625
2015-01-01,Multnomah,0.024235,0.2,0.875,5.15
2015-01-01,Adams,0.036765,0.0,0.625,0.625
2015-01-01,Cambria,0.030471,0.2,2.708333,3.75
2015-01-01,Erie,0.026706,0.3,1.083333,4.2083330000000005
2015-01-01,Washington,0.029824,0.147368,1.875,5.375
2015-01-01,York,0.032176,0.0,3.958333,6.3333330000000005
2015-01-01,Providence,0.024235,0.221053,1.283333,11.233333
2015-01-01,Minnehaha,0.010824,0.231579,0.670833,10.525
2015-01-01,Dallas,0.004765,0.231579,0.004167,11.079167
2015-01-01,El Paso,0.012941,0.236842,0.175,8.075
2015-01-01,Harris,0.010941,0.215789,-0.329167,4.716667
2015-01-01,Harris,0.006412,0.2,0.245833,7.183333
2015-01-01,McLennan,0.008941,0.168421,0.216667,3.9
2015-01-01,Salt Lake,0.012471,0.627778,0.241667,33.25
2015-01-01,Henrico,0.025882,0.305263,0.6625,8.029167
2015-01-01,Fremont,0.038824,0.0,0.041667,1.75
2015-01-01,Laramie,0.044294,0.052632,0.175,4.175
2016-01-01,Jefferson,0.023882,0.1,0.413636,2.520833
2016-01-01,Fairbanks North Star ,0.003412,0.689474,12.304167,26.031818
2016-01-01,Maricopa,0.0168819999999999,1.426316,2.541667,29.5
2016-01-01,Pima,0.016412,0.436842,0.3,19.633333
2016-01-01,Pulaski,0.023529,0.268421,0.745833,7.158333
2016-01-01,Alameda,0.023059,0.222222,0.7,7.1869570000000005
2016-01-01,Contra Costa,0.018706,0.25,0.5954550000000001,6.721739
2016-01-01,Contra Costa,0.016059,0.305556,1.190909,5.965217
2016-01-01,Contra Costa,0.026118,0.311111,1.090909,7.521739
2016-01-01,Fresno,0.012824,0.7722220000000001,0.121739,17.026087
2016-01-01,Humboldt,0.022118,0.429412,1.245455,6.122726999999999
2016-01-01,Humboldt,0.035176,0.2,0.181818,0.268182
2016-01-01,Imperial,0.022882,0.361111,0.36087,10.426087
2016-01-01,Los Angeles,0.019824,0.422222,0.091667,22.969565
2016-01-01,Los Angeles,0.019824,0.4,0.091667,22.969565
2016-01-01,Los Angeles,0.012353,0.494118,1.119048,27.177273
2016-01-01,Los Angeles,0.032824,0.0166669999999999,0.56087,11.430435
2016-01-01,Orange,0.020588,0.766667,0.309091,23.156522
2016-01-01,Riverside,0.022882,0.183333,0.2875,9.2
2016-01-01,Riverside,0.022882,0.184211,0.2875,9.2
2016-01-01,Sacramento,0.012529,0.489474,0.534783,14.25
2016-01-01,San Bernardino,0.018471,0.172222,0.35,13.143478
2016-01-01,San Diego,0.025769,0.328571,0.147619,12.714286
2016-01-01,Santa Barbara,0.044471,0.1,0.8695649999999999,0.0
2016-01-01,Santa Barbara,0.022,0.116667,0.434783,8.434783
2016-01-01,Santa Barbara,0.038412,0.3,0.045455,0.391304
2016-01-01,Santa Clara,0.010765,0.494118,0.428571,19.663636
2016-01-01,Solano,0.022588,0.461111,0.7136359999999999,16.173913
2016-01-01,Adams,0.011824,0.647368,1.041667,29.869565
2016-01-01,Denver,0.021235,0.521053,1.217391,31.669565
2016-01-01,Denver,0.013294,0.631579,1.83913,31.43913
2016-01-01,Litchfield,0.033353,0.166667,0.045455,0.995455
2016-01-01,New Haven,0.023706,0.2,0.256522,7.9
2016-01-01,New Castle,0.021176,0.205263,0.6375,6.370833
2016-01-01,Orange,0.022588,0.526316,0.458333,6.5833330000000005
2016-01-01,Honolulu,0.036765,1.089474,0.85,3.645833
2016-01-01,Honolulu,0.036765,1.089474,0.875,3.645833
2016-01-01,Honolulu,0.036765,0.152632,0.85,3.645833
2016-01-01,Honolulu,0.036765,0.152632,0.875,3.645833
2016-01-01,Cook,0.031706,0.2,1.1,7.9
2016-01-01,Marion,0.023824,0.184211,0.5375,9.891667
2016-01-01,Scott,0.033765,0.2,0.321739,4.381818
2016-01-01,Scott,0.033529,0.2,0.321739,4.381818
2016-01-01,Wyandotte,0.023294,0.342105,0.829167,8.375
2016-01-01,Jefferson,0.025353,0.110526,0.595833,4.821739
2016-01-01,East Baton Rouge,0.025824,0.184211,0.734783,8.5125
2016-01-01,Aroostook,0.032118,0.142105,0.420833,0.779167
2016-01-01,Cumberland,0.026765,0.3,-0.141667,5.45
2016-01-01,Baltimore,0.015647,0.215789,0.269565,7.0625
2016-01-01,Garrett,0.034882,0.178947,0.383333,1.6916669999999998
2016-01-01,Prince George's,0.021471,0.2,0.15,3.355
2016-01-01,Suffolk,0.022647,0.242105,0.583333,11.833333
2016-01-01,Anoka,0.028353,0.3,1.230435,5.241667
2016-01-01,St. Louis City,0.025118,0.226316,0.231818,9.5375
2016-01-01,Washoe,0.019706,0.215789,-0.03,13.108332999999998
2016-01-01,Rockingham,0.032176,0.2,0.527273,1.645833
2016-01-01,Camden,0.025714,0.031579,0.0,5.7083330000000005
2016-01-01,Essex,0.024353,0.2,0.158333,7.458333
2016-01-01,Bernalillo,0.019,0.215789,0.275,10.9
2016-01-01,Bronx,0.022529,0.2,1.066667,10.05
2016-01-01,Queens,0.025118,0.2,0.241667,8.095833
2016-01-01,Mecklenburg,0.020824,0.221053,0.286957,5.908696
2016-01-01,Wake,0.023765,0.2,0.013043,2.843478
2016-01-01,Cass,0.028176,0.189474,0.391667,2.991667
2016-01-01,Cuyahoga,0.025235,0.188889,0.0,3.73913
2016-01-01,Cuyahoga,0.025235,0.188889,0.034783,3.73913
2016-01-01,Hamilton,0.024706,0.205263,1.7541669999999998,6.541667
2016-01-01,Tulsa,0.018294,0.273684,1.1875,9.479167
2016-01-01,Multnomah,0.027588,0.1,0.070833,3.4625
2016-01-01,Adams,0.034529,0.0,0.0,0.0
2016-01-01,Cambria,0.033,0.0,0.083333,2.208333
2016-01-01,Erie,0.028176,0.1,0.0,3.333333
2016-01-01,York,0.025176,0.052632,1.375,5.8333330000000005
2016-01-01,Providence,0.028235,0.2,0.195238,4.971429
2016-01-01,Minnehaha,0.0344709999999999,0.136842,0.2125,5.0875
2016-01-01,Blount,0.027176,0.2,0.0625,2.183333
2016-01-01,Dallas,0.021471,0.210526,-0.070833,7.508333
2016-01-01,El Paso,0.020294,0.163158,0.468421,7.1
2016-01-01,Harris,0.021471,0.2,-0.0375,3.35
2016-01-01,Harris,0.021118,0.2,1.254167,4.55
2016-01-01,McLennan,0.025706,0.1,0.65,2.870833
2016-01-01,Salt Lake,0.013765,0.457895,0.991667,35.791667
2016-01-01,Henrico,0.016059,0.2,0.275,5.6625
2016-01-01,King,0.011471,0.355556,0.447826,23.395833
2016-01-01,Laramie,0.041941,0.1,-0.2,1.6695650000000002
2017-01-01,Fairbanks North Star ,0.0,0.8842110000000001,14.5,28.045833
2017-01-01,Maricopa,0.034176,0.221053,0.916667,5.2083330000000005
2017-01-01,Maricopa,0.029882,0.2,0.9,4.775
2017-01-01,Pima,0.032118,0.2,0.0,3.641667
2017-01-01,Pulaski,0.013353,0.2,0.695833,4.445833
2017-01-01,Alameda,0.025412,0.55,0.459091,5.569565
2017-01-01,Contra Costa,0.034,0.027778,0.613636,2.678261
2017-01-01,Contra Costa,0.029059,0.505556,1.163636,3.530435
2017-01-01,Contra Costa,0.033,0.333333,1.277273,4.265217
2017-01-01,Fresno,0.017882,0.238889,0.130435,9.630435
2017-01-01,Humboldt,0.029353,0.233333,0.54,2.236842
2017-01-01,Humboldt,0.038176,0.6,0.0,0.091667
2017-01-01,Imperial,0.030941,0.127778,0.108696,3.169565
2017-01-01,Los Angeles,0.019824,0.405263,0.320833,16.541667
2017-01-01,Los Angeles,0.019824,0.331579,0.320833,16.541667
2017-01-01,Los Angeles,0.024353,0.505556,0.573913,15.282609
2017-01-01,Los Angeles,0.024412,0.494737,0.745833,15.483332999999998
2017-01-01,Orange,0.030765,0.268421,0.083333,11.504167
2017-01-01,Riverside,0.025235,0.242105,-0.0125,10.1125
2017-01-01,Riverside,0.025235,0.326316,-0.0125,10.1125
2017-01-01,Sacramento,0.024765,0.2,2.866667,2.318182
2017-01-01,San Bernardino,0.025765,0.2,0.35,9.066667
2017-01-01,San Diego,0.029769,0.242857,0.02381,6.714286
2017-01-01,Santa Barbara,0.035538,0.338889,0.0,3.782609
2017-01-01,Santa Barbara,0.039923,0.3,0.173913,0.0
2017-01-01,Santa Clara,0.023765,0.270588,0.1428569999999999,13.618182
2017-01-01,Solano,0.030765,0.288889,0.586364,5.943478
2017-01-01,Adams,0.010647,0.6789470000000001,1.973913,26.391304
2017-01-01,Denver,0.008176,0.668421,2.291304,33.486957000000004
2017-01-01,Hartford,0.015118,0.238889,0.413636,12.021739
2017-01-01,New Haven,0.012882,0.294444,0.608696,17.178261
2017-01-01,New Castle,0.016824,0.305263,0.870833,12.820833
2017-01-01,District of Columbia,0.017176,0.3,1.113043,18.845833
2017-01-01,Orange,0.027941,0.710526,0.041667,4.3625
2017-01-01,DeKalb,0.008882,0.242105,0.0,6.125
2017-01-01,Honolulu,0.039118,0.384211,0.291667,1.5625
2017-01-01,Honolulu,0.039118,0.384211,1.125,1.5625
2017-01-01,Honolulu,0.039118,0.1,0.291667,1.5625
2017-01-01,Honolulu,0.039118,0.1,1.125,1.5625
2017-01-01,Marion,0.013941,0.478947,0.1125,16.1875
2017-01-01,Polk,0.020588,0.2,0.0,7.05
2017-01-01,Polk,0.020941,0.2,0.0,7.05
2017-01-01,Scott,0.018882,0.2,0.221739,10.486364
2017-01-01,Scott,0.018882,0.2,0.221739,10.486364
2017-01-01,Wyandotte,0.010235,0.263158,1.291667,18.733333
2017-01-01,Jefferson,0.015882,0.278947,0.183333,8.821738999999997
2017-01-01,Aroostook,0.023706,0.2,0.217391,3.191304
2017-01-01,Cumberland,0.020118,0.3,1.304167,6.033333
2017-01-01,Baltimore,0.016118,0.236842,0.582609,15.595833
2017-01-01,Garrett,0.032118,0.116667,0.4125,1.6916669999999998
2017-01-01,Prince George's,0.020588,0.205263,0.295833,8.270833
2017-01-01,Anoka,0.029,0.2,0.0,4.820833
2017-01-01,Hinds,0.014529,0.2,0.6,3.86087
2017-01-01,St. Louis City,0.0131759999999999,0.257895,1.186364,14.941667
2017-01-01,St. Louis City,0.012353,0.257895,1.186364,14.941667
2017-01-01,Washoe,0.037824,0.515789,0.870833,16.058332999999998
2017-01-01,Rockingham,0.029,0.152632,0.491667,2.7125
2017-01-01,Camden,0.012765,0.236842,0.043478,17.428570999999998
2017-01-01,Essex,0.013529,0.355556,0.3375,18.333333
2017-01-01,Bernalillo,0.025,0.153846,0.261905,7.831579
2017-01-01,Bronx,0.013941,0.342105,1.416667,19.420833
2017-01-01,Queens,0.015118,0.236842,0.583333,19.3875
2017-01-01,Mecklenburg,0.018,0.247368,0.0375,4.1
2017-01-01,Wake,0.020588,0.233333,0.26087,4.995652
2017-01-01,Burleigh,0.030412,0.2,0.304167,3.654167
2017-01-01,Cuyahoga,0.012647,0.266667,0.347826,15.73913
2017-01-01,Cuyahoga,0.012647,0.266667,0.657143,15.73913
2017-01-01,Hamilton,0.018588,0.221053,1.316667,12.125
2017-01-01,Tulsa,0.015294,0.252632,0.0541669999999999,5.608333
2017-01-01,Adams,0.030706,0.342105,1.375,1.125
2017-01-01,Cambria,0.011353,0.0157889999999999,0.25,7.041667
2017-01-01,York,0.014941,0.272222,1.0,11.391304
2017-01-01,Providence,0.020588,0.221053,0.325,8.708333
2017-01-01,Minnehaha,0.021529,0.242105,0.741667,6.9125
2017-01-01,Blount,0.032235,0.2,0.025,0.116667
2017-01-01,Dallas,0.014941,0.310526,0.0375,12.272727
2017-01-01,Harris,0.019882,0.247368,-0.320833,9.918182
2017-01-01,Harris,0.017118,0.1,0.0,4.763636
2017-01-01,McLennan,0.026059,0.173684,0.179167,3.563636
2017-01-01,Salt Lake,0.024706,0.4,0.629167,31.125
2017-01-01,Rutland,0.019176,0.144444,-0.222727,7.582609
2017-01-01,King,0.015353,0.2,0.0625,6.626086999999999
2017-01-01,Laramie,0.028824,0.116667,0.127273,8.540909
2018-01-01,Fairbanks North Star ,0.005,0.557895,13.329167000000002,26.675
2018-01-01,Maricopa,0.014588,1.110526,3.625,28.875
2018-01-01,Pima,0.021588,0.331579,0.766667,14.8375
2018-01-01,Pulaski,0.024647,0.3,0.191667,6.654167
2018-01-01,Alameda,0.006118,0.988889,0.836364,22.291304
2018-01-01,Contra Costa,0.010294,0.294444,0.8272729999999999,13.673913
2018-01-01,Contra Costa,0.0131759999999999,0.511111,1.572727,10.665217
2018-01-01,Contra Costa,0.012176,0.405556,0.165217,12.717391
2018-01-01,Fresno,0.012471,1.0,0.456522,27.113043
2018-01-01,Humboldt,0.011647,0.39375,0.0,4.190476
2018-01-01,Imperial,0.006176,1.183333,1.279167,54.682609
2018-01-01,Los Angeles,0.019294,0.994737,0.304167,27.891667
2018-01-01,Los Angeles,0.019294,0.9,0.304167,27.891667
2018-01-01,Los Angeles,0.013294,1.2,0.717391,26.930435
2018-01-01,Riverside,0.023941,1.021053,0.6125,24.829167
2018-01-01,Riverside,0.023941,0.984211,0.6125,24.829167
2018-01-01,Sacramento,0.008235,0.752632,0.495833,10.041667
2018-01-01,San Bernardino,0.019059,0.621053,0.482609,20.104348
2018-01-01,San Bernardino,0.021765,0.626316,0.366667,27.204167
2018-01-01,San Diego,0.024143,0.626667,0.195238,17.047619
2018-01-01,Santa Barbara,0.040059,0.273333,0.047619,0.0
2018-01-01,Santa Barbara,0.012824,0.393333,0.047619,5.47619
2018-01-01,Santa Barbara,0.036588,0.2,0.047619,0.190476
2018-01-01,Santa Clara,0.010529,0.747059,0.433333,20.995455
2018-01-01,Solano,0.0136,0.62,0.6,14.7625
2018-01-01,Denver,0.003353,0.4,1.2,23.265217
2018-01-01,Denver,0.003882,0.342105,0.995652,22.56087
2018-01-01,New Haven,0.024647,0.216667,0.430435,8.968182
2018-01-01,New Castle,0.027118,0.215789,1.041667,9.8125
2018-01-01,District of Columbia,0.031176,0.2,2.479167,9.0625
2018-01-01,Orange,0.028294,0.6,0.070833,3.4708330000000003
2018-01-01,DeKalb,0.022647,0.2,0.425,5.6
2018-01-01,Honolulu,0.036353,0.994737,1.554167,2.825
2018-01-01,Honolulu,0.036353,0.994737,0.304167,2.825
2018-01-01,Honolulu,0.036353,0.2,1.554167,2.825
2018-01-01,Honolulu,0.036353,0.2,0.304167,2.825
2018-01-01,Saint Clair,0.020706,0.2,-0.35,5.8958330000000005
2018-01-01,Marion,0.024118,0.3,0.408333,10.3
2018-01-01,Polk,0.020765,0.215789,0.243478,10.540909
2018-01-01,Polk,0.020588,0.215789,0.243478,10.540909
2018-01-01,Scott,0.024471,0.2,0.486957,6.263636
2018-01-01,Scott,0.024647,0.2,0.486957,6.263636
2018-01-01,Jefferson,0.029824,0.163158,0.230435,5.921739
2018-01-01,East Baton Rouge,0.026118,0.0,1.108333,9.195833
2018-01-01,Cumberland,0.019824,0.168421,4.045833,23.0875
2018-01-01,Baltimore,0.029118,0.184211,0.247826,12.0375
2018-01-01,Garrett,0.033941,0.2,0.7,3.2625
2018-01-01,Prince George's,0.031176,0.183333,0.733333,6.758333
2018-01-01,Suffolk,0.024118,0.184211,0.704167,13.0
2018-01-01,Anoka,0.022824,0.2,0.23913,8.558333
2018-01-01,Hinds,0.030941,0.2,0.752174,2.734783
2018-01-01,St. Louis City,0.027471,0.2,0.4875,6.795833
2018-01-01,St. Louis City,0.026824,0.2,0.4875,6.795833
2018-01-01,Washoe,0.010765,0.4,0.754167,25.191667
2018-01-01,Rockingham,0.034588,0.2,0.575,1.5
2018-01-01,Camden,0.025412,0.2,1.313043,9.458333
2018-01-01,Essex,0.023118,0.183333,0.295652,11.083333
2018-01-01,Bernalillo,0.013529,0.247368,0.3875,13.608332999999998
2018-01-01,Bronx,0.024471,0.2894739999999999,1.445833,12.695833
2018-01-01,Queens,0.024941,0.2,1.925,12.720833
2018-01-01,Mecklenburg,0.032706,0.2,0.152174,2.986364
2018-01-01,Wake,0.033529,0.177778,1.113043,2.665217
2018-01-01,Burleigh,0.023588,0.2,2.729167,15.883333
2018-01-01,Cuyahoga,0.025,0.25,0.0,13.478260999999998
2018-01-01,Cuyahoga,0.025,0.25,0.230435,13.478260999999998
2018-01-01,Tulsa,0.026824,0.2,0.079167,4.816667
2018-01-01,Adams,0.035882,0.144444,0.043478,1.086957
2018-01-01,York,0.026471,0.0,0.565217,10.521739
2018-01-01,Providence,0.032824,0.2,0.704348,5.978261
2018-01-01,Minnehaha,0.019,0.242105,1.066667,15.029167
2018-01-01,Dallas,0.027,0.157895,0.0875,5.554167
2018-01-01,Harris,0.033,0.157895,0.0875,2.429167
2018-01-01,Harris,0.030765,0.2,0.690909,3.172727
2018-01-01,Salt Lake,0.010882,0.363158,0.708333,30.583333000000003
2018-01-01,Rutland,0.016588,0.35,1.040909,20.195652
2018-01-01,King,0.011765,0.273684,0.095455,11.6625
2018-01-01,Laramie,0.022471,0.2,0.1409089999999999,15.091304
2019-01-01,Fairbanks North Star ,0.004941,0.494737,5.741667,20.8125
2019-01-01,Maricopa,0.020059,0.184211,0.0,12.083333
2019-01-01,Maricopa,0.027294,0.268421,0.329167,8.491667
2019-01-01,Pima,0.033294,0.2,0.041667,4.291667
2019-01-01,Pulaski,0.014,0.4,1.058333,5.108333
2019-01-01,Alameda,0.013,0.338889,0.613636,13.686957
2019-01-01,Contra Costa,0.016471,0.155556,0.530435,5.947826
2019-01-01,Contra Costa,0.020765,0.3222219999999999,0.368182,2.93913
2019-01-01,Contra Costa,0.017647,0.3,0.417391,9.843478
2019-01-01,Fresno,0.008412,0.621053,0.058333,19.291304
2019-01-01,Humboldt,0.012235,0.373684,0.6,6.466667
2019-01-01,Imperial,0.023588,0.144444,0.06087,5.691304
2019-01-01,Los Angeles,0.0131759999999999,0.531579,0.454167,22.766667
2019-01-01,Los Angeles,0.0131759999999999,0.531579,0.454167,22.766667
2019-01-01,Los Angeles,0.015471,0.284211,0.070833,11.833333
2019-01-01,Los Angeles,0.025235,0.110526,0.683333,15.358332999999998
2019-01-01,Riverside,0.035,0.1,0.391667,2.204167
2019-01-01,Riverside,0.035,0.1,0.391667,2.204167
2019-01-01,Sacramento,0.021824,0.131579,0.045833,2.5
2019-01-01,San Bernardino,0.024412,0.336842,0.56087,7.021739
2019-01-01,San Bernardino,0.038176,0.1,0.304167,1.233333
2019-01-01,San Diego,0.029929,0.278571,0.1142859999999999,8.380952
2019-01-01,Santa Barbara,0.039706,0.3,0.0,0.0
2019-01-01,Santa Barbara,0.016,0.188889,0.388889,9.26087
2019-01-01,Santa Clara,0.012529,0.317647,0.214286,14.659091
2019-01-01,Solano,0.012294,0.438889,1.054545,13.591304
2019-01-01,Adams,0.011294,0.210526,0.508333,13.830435
2019-01-01,Denver,0.011,0.263158,1.66087,21.96087
2019-01-01,New Haven,0.020353,0.2,0.0,5.917391
2019-01-01,District of Columbia,0.022176,0.2,1.125,6.7375
2019-01-01,Orange,0.021353,0.194737,0.245833,4.879167
2019-01-01,DeKalb,0.010588,0.226316,0.079167,8.129167
2019-01-01,Honolulu,0.038,0.0,0.3625,2.141667
2019-01-01,Honolulu,0.038,0.0,0.182609,2.141667
2019-01-01,Honolulu,0.038,0.1,0.3625,2.141667
2019-01-01,Honolulu,0.038,0.1,0.182609,2.141667
2019-01-01,Marion,0.016294,0.2,0.3375,4.370833
2019-01-01,Wyandotte,0.020118,0.1,0.004167,3.3
2019-01-01,Jefferson,0.019588,0.1,0.46087,4.495652
2019-01-01,East Baton Rouge,0.013588,0.2,0.347826,8.35
2019-01-01,Aroostook,0.031824,0.2,0.138889,1.955556
2019-01-01,Cumberland,0.028059,0.168421,0.120833,3.0083330000000004
2019-01-01,Prince George's,0.020647,0.1,0.0,3.9375
2019-01-01,Suffolk,0.020412,0.2,0.309524,6.285714
2019-01-01,Hinds,0.021059,0.0,0.020833,2.529167
2019-01-01,St. Louis City,0.014059,0.2,0.009091,4.1625
2019-01-01,St. Louis City,0.014059,0.2,0.009091,4.1625
2019-01-01,Clark,0.031118,0.157895,-0.0375,6.945833
2019-01-01,Washoe,0.017294,0.378947,0.254167,22.226087
2019-01-01,Rockingham,0.026176,0.2,0.809091,2.275
2019-01-01,Camden,0.025706,0.338889,0.091304,7.3625
2019-01-01,Essex,0.024471,0.25,0.0,10.833333
2019-01-01,Bernalillo,0.023765,0.163158,0.670833,4.720833
2019-01-01,Bronx,0.022059,0.273684,0.533333,10.0375
2019-01-01,Queens,0.022235,0.226316,0.0875,10.491667
2019-01-01,Wake,0.027176,0.1333329999999999,0.056522,2.330435
2019-01-01,Burleigh,0.027941,0.2,0.933333,7.95
2019-01-01,Cuyahoga,0.020941,0.2,0.0,4.9565220000000005
2019-01-01,Cuyahoga,0.020941,0.2,0.013043,4.9565220000000005
2019-01-01,Hamilton,0.017176,0.163158,-0.383333,6.791667
2019-01-01,Hamilton,0.017176,0.163158,-0.383333,7.170833
2019-01-01,Tulsa,0.020824,0.1,0.5875,2.770833
2019-01-01,Adams,0.029353,0.183333,0.173913,0.173913
2019-01-01,Cambria,0.022882,0.0,0.058824,3.736842
2019-01-01,Providence,0.028,0.2,0.108333,2.9
2019-01-01,Minnehaha,0.032471,0.147368,0.370833,4.9125
2019-01-01,Blount,0.027059,0.166667,0.022727,0.695455
2019-01-01,Dallas,0.015529,0.1,0.058333,3.5875
2019-01-01,Harris,0.023706,0.536842,0.316667,6.445833
2019-01-01,Salt Lake,0.020765,0.131579,0.095652,6.245833
2019-01-01,Uintah,0.029353,1.289474,-0.079167,1.3
2019-01-01,Rutland,0.027353,0.2,0.336364,3.669565
2019-01-01,King,0.003706,0.3222219999999999,0.890476,16.708333
2019-01-01,Laramie,0.024353,0.2,0.4375,13.566667
2020-01-01,Jefferson,0.030824,0.3,2.5095240000000003,15.752381
2020-01-01,Maricopa,0.014471,0.657895,1.125,18.083333
2020-01-01,Maricopa,0.012706,0.668421,1.204167,16.720833
2020-01-01,Pima,0.018941,0.284211,0.175,11.104167
2020-01-01,Pulaski,0.025647,0.5421050000000001,0.8625,12.6375
2020-01-01,Alameda,0.011824,0.5388890000000001,0.031818,15.921739
2020-01-01,Contra Costa,0.014706,0.416667,0.456522,9.621739
2020-01-01,Contra Costa,0.008941,0.427778,1.195455,8.517391
2020-01-01,Contra Costa,0.018471,0.5611109999999999,1.369565,11.03913
2020-01-01,Fresno,0.009235,0.573684,0.145833,14.330435
2020-01-01,Humboldt,0.025176,0.505263,1.145833,2.4
2020-01-01,Imperial,0.021235,0.35,0.104348,12.2
2020-01-01,Los Angeles,0.016471,0.505263,0.754167,21.458333
2020-01-01,Los Angeles,0.016471,0.505263,0.754167,21.183333
2020-01-01,Los Angeles,0.016471,0.410526,0.754167,21.458333
2020-01-01,Los Angeles,0.016471,0.410526,0.754167,21.183333
2020-01-01,Los Angeles,0.022471,0.378947,0.529167,15.766667000000002
2020-01-01,Riverside,0.019882,0.421053,0.345833,18.325
2020-01-01,Riverside,0.019882,0.421053,0.345833,17.875
2020-01-01,Riverside,0.019882,0.447368,0.345833,18.325
2020-01-01,Riverside,0.019882,0.447368,0.345833,17.875
2020-01-01,Sacramento,0.012118,0.357895,0.2,7.916666999999999
2020-01-01,San Bernardino,0.033,0.447368,1.604348,11.391304
2020-01-01,San Bernardino,0.020176,0.278947,0.4375,18.429167
2020-01-01,San Diego,0.025714,0.328571,0.119048,11.0
2020-01-01,Santa Barbara,0.035118,0.1611109999999999,0.0,0.0
2020-01-01,Santa Clara,0.025353,0.376471,0.0666669999999999,9.15
2020-01-01,Solano,0.017353,0.5388890000000001,0.968182,8.63913
2020-01-01,Adams,0.038824,0.263158,2.175,22.017391
2020-01-01,Denver,0.032118,0.342105,1.229167,22.104348
2020-01-01,Denver,0.037353,0.321053,0.343478,22.321739
2020-01-01,New Haven,0.020882,0.2,0.204348,6.8521740000000015
2020-01-01,New Castle,0.013412,0.173684,0.191667,9.658333
2020-01-01,District of Columbia,0.021294,0.205263,1.7333330000000002,9.270833
2020-01-01,Orange,0.030353,0.447368,1.125,3.791667
2020-01-01,DeKalb,0.019412,0.211765,-0.083333,8.858333
2020-01-01,Ada,0.024471,0.1,0.216667,4.916667
2020-01-01,Marion,0.031412,0.2,0.475,5.579167
2020-01-01,Wyandotte,0.031353,0.173684,1.4625,12.454167
2020-01-01,Jefferson,0.030529,0.157895,0.8347829999999999,8.065217
2020-01-01,East Baton Rouge,0.029471,0.331579,0.583333,12.940909
2020-01-01,Aroostook,0.027118,0.1,0.029167,0.945833
2020-01-01,Baltimore,0.017294,0.205263,1.06087,9.65
2020-01-01,Garrett,0.036353,0.1,0.16087,0.941667
2020-01-01,Prince George's,0.022118,0.152632,0.120833,4.891667
2020-01-01,Suffolk,0.023412,0.2,0.4809520000000001,5.666667
2020-01-01,Anoka,0.0168819999999999,0.25,0.6,15.1875
2020-01-01,Hinds,0.028059,0.426316,0.85,12.004167
2020-01-01,St. Louis City,0.030471,0.15,0.675,8.945833
2020-01-01,St. Louis City,0.030353,0.15,0.675,8.945833
2020-01-01,Clark,0.011824,1.408333,1.6,24.533333
2020-01-01,Washoe,0.03,0.4,0.3875,15.604167000000002
2020-01-01,Rockingham,0.029647,0.1,1.429167,1.320833
2020-01-01,Camden,0.018941,0.2,0.236364,8.929167
2020-01-01,Essex,0.017529,0.211111,0.075,9.141667
2020-01-01,Bernalillo,0.034588,0.147368,0.620833,7.054167
2020-01-01,Queens,0.020882,0.2,0.020833,7.883333
2020-01-01,Mecklenburg,0.022471,0.284211,0.191304,11.154545
2020-01-01,Burleigh,0.022176,0.178947,0.570833,6.904167
2020-01-01,Cuyahoga,0.027235,0.1611109999999999,0.333333,2.826087
2020-01-01,Cuyahoga,0.027235,0.1611109999999999,0.416667,2.826087
2020-01-01,Hamilton,0.029588,0.131579,0.904167,6.579167
2020-01-01,Oklahoma,0.0344709999999999,0.3,0.0,4.666667
2020-01-01,Multnomah,0.028882,0.05,0.179167,2.55
2020-01-01,Cambria,0.015471,0.022222,0.0,6.043478
2020-01-01,Philadelphia,0.014765,0.152941,0.365,10.554167
2020-01-01,Providence,0.028765,0.2,0.1125,3.7375
2020-01-01,Minnehaha,0.032294,0.194737,0.366667,5.508333
2020-01-01,Blount,0.041882,0.1,-0.022727,0.545833
2020-01-01,Harris,0.024706,0.363158,0.916667,14.929167
2020-01-01,Harris,0.029941,0.2894739999999999,0.479167,10.258333
2020-01-01,Salt Lake,0.032176,0.0,0.454167,11.0625
2020-01-01,Salt Lake,0.023118,0.121053,0.225,20.291667
2020-01-01,Salt Lake,0.023118,0.121053,0.225,18.46087
2020-01-01,Salt Lake,0.022765,0.036842,-0.125,14.308696
2020-01-01,Salt Lake,0.023941,0.031579,0.0,15.9
2020-01-01,Rutland,0.031294,0.1,1.317391,2.113043
2020-01-01,King,0.035647,0.1,0.329167,2.0375
2020-01-01,Laramie,0.034529,0.1,0.2625,0.729167
2021-01-01,Jefferson,0.025353,0.126316,0.358333,4.6125
2021-01-01,Maricopa,0.017176,0.947368,2.408333,23.629167
2021-01-01,Pima,0.023235,0.326316,0.379167,12.583333
2021-01-01,Pulaski,0.013765,0.321053,0.191667,6.629167
2021-01-01,Alameda,0.014353,0.794444,0.513636,16.313043
2021-01-01,Contra Costa,0.009118,0.372222,0.717391,10.382609
2021-01-01,Contra Costa,0.009471,0.366667,1.990909,7.917391
2021-01-01,Contra Costa,0.022765,0.605556,1.221739,9.06087
2021-01-01,Fresno,0.01,0.415789,0.058333,12.182609
2021-01-01,Humboldt,0.019059,0.231579,0.2625,2.333333
2021-01-01,Imperial,0.019,0.288889,0.395652,9.36087
2021-01-01,Los Angeles,0.013765,0.568421,0.308333,23.0125
2021-01-01,Los Angeles,0.013765,0.568421,0.308333,21.804167
2021-01-01,Los Angeles,0.017294,0.389474,0.675,16.979167
2021-01-01,Riverside,0.021176,0.147368,0.3625,7.679167
2021-01-01,Riverside,0.021176,0.147368,0.3625,7.579167
2021-01-01,Riverside,0.021176,0.126316,0.3625,7.679167
2021-01-01,Riverside,0.021176,0.126316,0.3625,7.579167
2021-01-01,San Bernardino,0.018235,0.5,0.3,11.16087
2021-01-01,San Bernardino,0.021941,0.147368,0.4,8.008333
2021-01-01,San Diego,0.020786,0.5,0.147619,14.142857
2021-01-01,San Diego,0.020786,0.5,0.147619,14.380952
2021-01-01,Santa Barbara,0.037059,0.261111,0.0,0.434783
2021-01-01,Santa Barbara,0.007059,0.227778,0.043478,6.73913
2021-01-01,Santa Clara,0.015706,0.429412,0.152381,12.081818
2021-01-01,Adams,0.014412,0.505263,0.541667,26.582609
2021-01-01,Denver,0.012118,0.636842,1.286957,29.678261
2021-01-01,New Haven,0.022118,0.25,0.2,12.526087
2021-01-01,New Castle,0.014353,0.231579,0.383333,13.325
2021-01-01,District of Columbia,0.014588,0.257895,0.8,10.245833
2021-01-01,District of Columbia,0.014588,0.257895,0.8,10.2
2021-01-01,DeKalb,0.018824,0.163158,-0.108333,1.55
2021-01-01,Honolulu,0.030588,0.1,0.379167,1.795833
2021-01-01,Honolulu,0.030588,0.1,0.254167,1.795833
2021-01-01,Honolulu,0.030588,0.1,0.379167,1.795833
2021-01-01,Honolulu,0.030588,0.1,0.254167,1.795833
2021-01-01,Ada,0.027706,0.147368,0.154167,7.1125
2021-01-01,Marion,0.012059,0.278947,0.154167,6.991667
2021-01-01,Wyandotte,0.025765,0.121053,0.4875,4.929167
2021-01-01,Jefferson,0.018824,0.094737,1.17619,4.286957
2021-01-01,East Baton Rouge,0.026,0.122222,0.595652,5.2375
2021-01-01,Aroostook,0.023412,0.168421,0.170833,3.7375
2021-01-01,Cumberland,0.018647,0.310526,0.3125,16.4625
2021-01-01,Baltimore,0.017412,0.221053,0.03913,9.691667
2021-01-01,Garrett,0.025706,0.1,0.134783,1.8875
2021-01-01,Prince George's,0.017765,0.163158,0.016667,7.3375
2021-01-01,Suffolk,0.021412,0.278947,0.138095,13.75
2021-01-01,St. Louis City,0.017,0.2,0.658333,7.5125
2021-01-01,St. Louis City,0.017,0.2,0.658333,7.5125
2021-01-01,Clark,0.014235,0.210526,0.1,14.2625
2021-01-01,Washoe,0.012765,0.405263,0.2625,20.379167
2021-01-01,Rockingham,0.025353,0.210526,0.3125,3.469565
2021-01-01,Camden,0.015647,0.3,0.427273,15.829167
2021-01-01,Essex,0.009647,0.483333,0.145833,23.683333
2021-01-01,Bernalillo,0.016765,0.247368,0.508333,11.941667
2021-01-01,Bronx,0.020882,0.236842,0.775,14.445833
2021-01-01,Queens,0.020588,0.242105,0.358333,14.066667
2021-01-01,Mecklenburg,0.013941,0.221053,0.056522,4.109091
2021-01-01,Wake,0.013,0.2,0.004348,2.473913
2021-01-01,Burleigh,0.015765,0.2,0.245833,8.295833
2021-01-01,Cuyahoga,0.016059,0.216667,0.0,10.782609
2021-01-01,Cuyahoga,0.016059,0.216667,0.030435,10.782609
2021-01-01,Hamilton,0.015353,0.368421,0.033333,5.570833
2021-01-01,Oklahoma,0.026412,0.205263,0.0,3.875
2021-01-01,Tulsa,0.026824,0.2,0.104167,2.554167
2021-01-01,Multnomah,0.031059,0.231579,0.204167,5.025
2021-01-01,Cambria,0.022294,0.211111,0.0,4.956522
2021-01-01,Philadelphia,0.013824,0.3,0.078261,15.441667
2021-01-01,Providence,0.023529,0.3,0.219048,13.766667
2021-01-01,Providence,0.023529,0.3,0.219048,13.638095
2021-01-01,Minnehaha,0.016941,0.310526,0.716667,21.3125
2021-01-01,Blount,0.029882,0.1,0.0,0.616667
2021-01-01,Dallas,0.026,0.1,0.2125,3.758333
2021-01-01,Harris,0.024882,0.147368,-0.075,4.754167
2021-01-01,Harris,0.025647,0.168421,0.208333,3.075
2021-01-01,Salt Lake,0.024176,0.3,-0.816667,11.875
2021-01-01,Salt Lake,0.019412,0.205556,-0.113043,20.782609
2021-01-01,Salt Lake,0.019412,0.205556,-0.113043,18.078261
2021-01-01,Salt Lake,0.023059,0.242105,0.1625,17.970833
2021-01-01,Rutland,0.029471,0.116667,0.226087,4.73913
2021-01-01,Henrico,0.016882,0.2,0.109091,3.486957
2021-01-01,Henrico,0.016882,0.2,0.109091,3.630435
2021-01-01,King,0.028706,0.189474,0.022727,5.4125
2021-01-01,Laramie,0.031765,0.1,0.042857,3.941667
2022-01-01,Jefferson,0.024765,0.1,-0.191667,1.308333
2022-01-01,Maricopa,0.027,0.273684,0.0,6.375
2022-01-01,Maricopa,0.029529,0.136842,0.0,5.708333
2022-01-01,Pima,0.025941,0.131579,0.033333,3.908333
2022-01-01,Pulaski,0.018176,0.3,0.216667,2.858333
2022-01-01,Alameda,0.009235,0.561111,-0.127273,17.947826
2022-01-01,Contra Costa,0.013824,0.333333,0.569565,8.913043
2022-01-01,Contra Costa,0.022647,0.222222,0.318182,3.13913
2022-01-01,Contra Costa,0.020353,0.329412,0.75,8.518182
2022-01-01,Humboldt,0.010313,0.361111,0.365,4.009524
2022-01-01,Imperial,0.025059,0.211111,-0.017391,4.7
2022-01-01,Los Angeles,0.019471,0.352632,0.05,14.9125
2022-01-01,Los Angeles,0.019471,0.352632,0.05,13.233333
2022-01-01,Los Angeles,0.019471,0.336842,0.05,14.9125
2022-01-01,Los Angeles,0.019471,0.336842,0.05,13.233333
2022-01-01,Riverside,0.030118,0.210526,0.433333,6.420833
2022-01-01,Riverside,0.030118,0.210526,0.433333,7.408333
2022-01-01,Riverside,0.030118,0.257895,0.433333,6.420833
2022-01-01,Riverside,0.030118,0.257895,0.433333,7.408333
2022-01-01,San Bernardino,0.026,0.284211,0.204167,8.5125
2022-01-01,San Diego,0.031077,0.214286,0.0,5.809524
2022-01-01,Santa Barbara,0.038176,0.094444,0.0,0.086957
2022-01-01,Santa Barbara,0.009118,0.327778,0.652174,4.0
2022-01-01,Santa Clara,0.012647,0.494118,0.242857,16.513636
2022-01-01,Solano,0.016235,0.694444,1.927273,13.047826
2022-01-01,Denver,0.015471,0.284211,0.058333,17.652174
2022-01-01,Denver,0.012882,0.273684,0.182609,21.078261
2022-01-01,New Castle,0.001882,0.252632,0.004167,9.1375
2022-01-01,District of Columbia,0.007176,0.447368,0.058333,8.970833
2022-01-01,District of Columbia,0.007176,0.447368,0.058333,10.05
2022-01-01,DeKalb,0.020294,0.3,-0.2625,0.829167
2022-01-01,Ada,0.026882,0.289474,0.129167,20.4875
2022-01-01,Wyandotte,0.028235,0.1,-0.1625,3.425
2022-01-01,Jefferson,0.019882,0.078947,1.291304,6.33913
2022-01-01,Baltimore,0.003706,0.247368,0.15,6.958333
2022-01-01,Prince George's,0.006882,0.2,0.033333,4.341667
2022-01-01,Suffolk,0.005176,0.352632,0.454167,16.958333
2022-01-01,Kent,0.029824,0.3,0.2,4.229167
2022-01-01,Anoka,0.023118,0.205882,0.665217,5.645833
2022-01-01,St. Louis City,0.019176,0.2,0.120833,5.066667
2022-01-01,St. Louis City,0.019,0.2,0.120833,5.066667
2022-01-01,Clark,0.028412,0.105263,-0.366667,3.765217
2022-01-01,Washoe,0.020353,0.227778,-0.045455,16.283333
2022-01-01,Camden,0.007294,0.244444,0.0,10.079167
2022-01-01,Essex,0.002882,0.361111,0.070833,17.658333
2022-01-01,Bernalillo,0.036765,0.078947,0.708333,1.470833
2022-01-01,Queens,0.004,0.284211,0.041667,16.833333
2022-01-01,Mecklenburg,0.02,0.1,0.0,1.020833
2022-01-01,Burleigh,0.021,0.205263,1.720833,10.054167
2022-01-01,Cuyahoga,0.016706,0.233333,0.0,4.347826
2022-01-01,Cuyahoga,0.016706,0.233333,-0.191304,4.347826
2022-01-01,Hamilton,0.019706,0.005263,0.120833,7.804167
2022-01-01,Tulsa,0.023824,0.2,0.145833,3.0875
2022-01-01,Multnomah,0.021118,0.226316,0.445833,9.595833
2022-01-01,Philadelphia,0.002765,0.273684,0.4,8.916667
2022-01-01,Providence,0.016294,0.236842,0.1,8.175
2022-01-01,Providence,0.016294,0.236842,0.1,7.054167
2022-01-01,Blount,0.027529,0.1,0.017391,0.682609
2022-01-01,Dallas,0.016353,0.110526,0.656522,4.3625
2022-01-01,El Paso,0.037824,0.1,-0.017391,0.575
2022-01-01,Harris,0.022588,0.131579,0.018182,1.5125
2022-01-01,Salt Lake,0.018471,0.257895,0.55,15.834783
2022-01-01,Salt Lake,0.022412,0.183333,1.473913,15.322727
2022-01-01,Salt Lake,0.022412,0.183333,1.473913,14.686957
2022-01-01,Salt Lake,0.020353,0.089474,0.895652,10.866667
2022-01-01,Salt Lake,0.020882,0.268421,0.354167,11.275
2022-01-01,Rutland,0.002412,0.433333,0.830435,8.765217
2022-01-01,King,0.022706,0.2,0.075,10.316667
2022-01-01,Laramie,0.036882,0.2,-0.0125,1.7
2023-01-01,Jefferson,0.031588,0.126316,-0.0875,5.2375
2023-01-01,Maricopa,0.029588,0.273684,0.0,9.666667
2023-01-01,Maricopa,0.029647,0.173684,0.15,7.116667
2023-01-01,Pima,0.034882,0.147368,0.0375,3.895833
2023-01-01,Alameda,0.022471,0.322222,-0.027273,5.978261
2023-01-01,Contra Costa,0.015765,0.211111,0.647826,7.6
2023-01-01,Contra Costa,0.025882,0.216667,0.856522,3.421739
2023-01-01,Fresno,0.014353,0.189474,0.008333,6.095833
2023-01-01,Imperial,0.038235,0.144444,0.0,2.304348
2023-01-01,Los Angeles,0.028412,0.2,-0.158333,4.55
2023-01-01,Los Angeles,0.028412,0.2,-0.158333,4.816667
2023-01-01,Los Angeles,0.028412,0.2,-0.158333,4.55
2023-01-01,Los Angeles,0.028412,0.2,-0.158333,4.816667
2023-01-01,Riverside,0.019824,0.136842,0.108333,5.454167
2023-01-01,Riverside,0.019824,0.136842,0.108333,6.091667
2023-01-01,Riverside,0.019824,0.131579,0.108333,5.454167
2023-01-01,Riverside,0.019824,0.131579,0.108333,6.091667
2023-01-01,San Bernardino,0.019882,0.047368,0.066667,6.716667
2023-01-01,Santa Barbara,0.032176,0.4,0.0,0.0
2023-01-01,Santa Barbara,0.026176,-0.088889,0.043478,0.956522
2023-01-01,Santa Clara,0.018294,0.192857,0.061905,7.168182
2023-01-01,Solano,0.020529,0.4,0.081818,8.190909
2023-01-01,Adams,0.024706,0.552632,1.370833,28.078261
2023-01-01,Denver,0.018176,0.468421,0.5125,27.1
2023-01-01,District of Columbia,0.012706,0.257895,0.588889,15.2625
2023-01-01,District of Columbia,0.012706,0.257895,0.588889,11.883333
2023-01-01,Orange,0.021,0.342105,1.8125,4.091667
2023-01-01,DeKalb,0.012235,0.242105,-0.095833,7.252941
2023-01-01,Honolulu,0.023529,0.015789,0.0,5.8
2023-01-01,Ada,0.024118,0.110526,0.0,3.970833
2023-01-01,Wyandotte,0.016235,0.273684,0.941667,16.158333
2023-01-01,Jefferson,0.012529,0.405263,0.780952,9.973913
2023-01-01,Aroostook,0.023588,0.252632,0.0,2.1625
2023-01-01,Baltimore,0.013353,0.326316,0.616667,14.866667
2023-01-01,Prince George's,0.015353,0.163158,0.020833,7.3125
2023-01-01,Suffolk,0.023647,0.2,0.2375,4.047619
2023-01-01,Kent,0.014235,0.377778,0.126087,6.395833
2023-01-01,Anoka,0.026412,0.105263,0.427273,5.7
2023-01-01,Anoka,0.026412,0.105263,0.427273,4.014286
2023-01-01,Clark,0.033,0.1,0.45,1.8
2023-01-01,Washoe,0.019647,0.178947,0.491667,12.629167
2023-01-01,Rockingham,0.026647,0.136842,0.191304,2.886957
2023-01-01,Camden,0.012882,0.05,0.913043,18.386364
2023-01-01,Bernalillo,0.024882,0.278947,0.0,12.6
2023-01-01,Bronx,0.015588,0.284211,0.575,16.5125
2023-01-01,Queens,0.012882,0.310526,0.316667,19.725
2023-01-01,Mecklenburg,0.010706,0.236842,0.091304,4.381818
2023-01-01,Wake,0.013059,0.238889,0.23913,6.186957
2023-01-01,Cuyahoga,0.014529,0.1,0.121739,6.913043
2023-01-01,Tulsa,0.012294,0.473684,1.058333,10.75
2023-01-01,Multnomah,0.014941,0.526316,0.620833,13.195833
2023-01-01,Allegheny,0.015824,0.116667,0.259091,9.270833
2023-01-01,Philadelphia,0.014118,0.347368,1.521739,16.1625
2023-01-01,Providence,0.022471,0.194737,0.108333,4.9
2023-01-01,Providence,0.022471,0.194737,0.108333,4.175
2023-01-01,Dallas,0.020765,0.189474,0.683333,6.613043
2023-01-01,El Paso,0.014353,0.426316,0.233333,18.613636
2023-01-01,Harris,0.015941,0.342105,-0.291667,7.65
2023-01-01,Harris,0.014765,0.168421,0.0625,6.130435
2023-01-01,Salt Lake,0.027706,0.094737,1.170833,14.43913
2023-01-01,Salt Lake,0.027412,0.173684,0.316667,15.956522
2023-01-01,Salt Lake,0.027412,0.173684,0.316667,17.454167
2023-01-01,Salt Lake,0.028882,0.121053,0.320833,8.2125
2023-01-01,Salt Lake,0.030176,0.488889,1.058333,13.479167
2023-01-01,Rutland,0.020235,0.35,0.313043,4.586957
2023-01-01,King,0.007118,0.221053,0.272727,13.013636
2023-01-01,Laramie,0.032647,0.1,0.1375,2.204167
